{
  "type": "FeatureCollection",
  "name": "civilizations",
  "features": [
    {
      "type": "Feature",
      "properties": {
        "id": "roman_empire",
        "name": "Roman Empire"
      },
      "geometry": {
        "type": "MultiPolygon",
        "coordinates": [
          [
            [
              [
                25.766351121351125,
                36.33755930622052
              ],
              [
                25.713135546885347,
                36.34980613615219
              ],
              [
                25.78915779612218,
                36.40489303146257
              ],
              [
                25.8727822702827,
                36.35592882884054
              ],
              [
                25.766351121351125,
                36.33755930622052
              ]
            ]
          ],
          [
            [
              [
                25.386239875166947,
                36.319185450416924
              ],
              [
                25.317819850853795,
                36.39877419215787
              ],
              [
                25.371035425319583,
                36.49661778527289
              ],
              [
                25.49267102409852,
                36.42324665835019
              ],
              [
                25.49267102409852,
                36.331435169041356
              ],
              [
                25.386239875166947,
                36.319185450416924
              ]
            ]
          ],
          [
            [
              [
                26.085644568145838,
                36.89891612690345
              ],
              [
                25.83477114566428,
                36.78331883149609
              ],
              [
                25.75114667150376,
                36.78331883149609
              ],
              [
                25.75114667150376,
                36.81375611186905
              ],
              [
                25.85757782043533,
                36.83809722624421
              ],
              [
                26.02482676875637,
                36.95968659606273
              ],
              [
                26.085644568145838,
                36.89891612690345
              ]
            ]
          ],
          [
            [
              [
                24.679232957264375,
                36.75896029963509
              ],
              [
                24.466370659401235,
                36.649251177336765
              ],
              [
                24.299121711080193,
                36.75286945753905
              ],
              [
                24.588006258180172,
                36.86851272864293
              ],
              [
                24.679232957264375,
                36.75896029963509
              ]
            ]
          ],
          [
            [
              [
                24.975719729288034,
                36.637051610171376
              ],
              [
                24.945310829593303,
                36.56991946228899
              ],
              [
                24.823675230814363,
                36.661448812220584
              ],
              [
                24.876890805280148,
                36.679741640978875
              ],
              [
                24.975719729288034,
                36.637051610171376
              ]
            ]
          ],
          [
            [
              [
                25.165775352380123,
                36.74068632260297
              ],
              [
                25.196184252074858,
                36.673644514576154
              ],
              [
                25.059344203448553,
                36.618748636935905
              ],
              [
                25.044139753601186,
                36.661448812220584
              ],
              [
                25.165775352380123,
                36.74068632260297
              ]
            ]
          ],
          [
            [
              [
                25.24179760161696,
                36.75286945753905
              ],
              [
                25.295013176082744,
                36.807669623462985
              ],
              [
                25.431853224709048,
                36.6980301207178
              ],
              [
                25.386239875166947,
                36.637051610171376
              ],
              [
                25.264604276388013,
                36.704125314038706
              ],
              [
                25.24179760161696,
                36.75286945753905
              ]
            ]
          ],
          [
            [
              [
                24.534790683714387,
                37.11746294371295
              ],
              [
                24.443563984630185,
                37.0992747162255
              ],
              [
                24.428359534782814,
                37.20833853996449
              ],
              [
                24.534790683714387,
                37.11746294371295
              ]
            ]
          ],
          [
            [
              [
                24.382746185240713,
                37.570746906161986
              ],
              [
                24.26111058646178,
                37.540613155635555
              ],
              [
                24.299121711080193,
                37.66107502189996
              ],
              [
                24.397950635088083,
                37.667092994189616
              ],
              [
                24.382746185240713,
                37.570746906161986
              ]
            ]
          ],
          [
            [
              [
                24.359939510469665,
                37.30515202694268
              ],
              [
                24.359939510469665,
                37.39580161737422
              ],
              [
                24.397950635088083,
                37.46824245164144
              ],
              [
                24.489177334172286,
                37.39580161737422
              ],
              [
                24.359939510469665,
                37.30515202694268
              ]
            ]
          ],
          [
            [
              [
                24.86168635543278,
                37.52855624381453
              ],
              [
                24.945310829593303,
                37.51046722146939
              ],
              [
                25.044139753601186,
                37.377680456560746
              ],
              [
                24.846481905585414,
                37.36559724964213
              ],
              [
                24.86168635543278,
                37.52855624381453
              ]
            ]
          ],
          [
            [
              [
                24.656426282493324,
                37.901413077728705
              ],
              [
                24.762857431424894,
                38.003319956303606
              ],
              [
                25.272206501311693,
                37.56472113091166
              ],
              [
                25.46986434932747,
                37.43806729073237
              ],
              [
                25.317819850853795,
                37.40184103098311
              ],
              [
                24.656426282493324,
                37.901413077728705
              ]
            ]
          ],
          [
            [
              [
                24.64882405756964,
                37.014338584785854
              ],
              [
                24.717244081882793,
                37.050751425742014
              ],
              [
                24.785664106195945,
                36.947536378182036
              ],
              [
                24.679232957264375,
                36.90499535372954
              ],
              [
                24.64882405756964,
                37.014338584785854
              ]
            ]
          ],
          [
            [
              [
                24.937708604669616,
                36.95968659606273
              ],
              [
                25.150570902532756,
                37.17200141281893
              ],
              [
                25.310217625930115,
                37.19622810717101
              ],
              [
                25.310217625930115,
                37.00219709179456
              ],
              [
                25.11255977791434,
                36.94146054239683
              ],
              [
                24.937708604669616,
                36.95968659606273
              ]
            ]
          ],
          [
            [
              [
                25.5458865985643,
                36.95968659606273
              ],
              [
                25.4546598994801,
                36.9232301280182
              ],
              [
                25.363433200395896,
                37.00826808071462
              ],
              [
                25.340626525624845,
                37.087146804747654
              ],
              [
                25.53828437364062,
                37.220447029530426
              ],
              [
                25.606704397953774,
                37.12352471549815
              ],
              [
                25.59910217303009,
                37.026478138264174
              ],
              [
                25.5458865985643,
                36.95968659606273
              ]
            ]
          ],
          [
            [
              [
                23.409661395009216,
                38.943672845059965
              ],
              [
                23.789772641193395,
                38.71863293758614
              ],
              [
                24.13187276275916,
                38.65335708482884
              ],
              [
                24.20789501199599,
                38.5523591317064
              ],
              [
                24.29151948615651,
                38.19476089687233
              ],
              [
                24.588006258180172,
                38.15292605377605
              ],
              [
                24.5271884587907,
                37.967368965721576
              ],
              [
                24.314326160927564,
                37.98534666287396
              ],
              [
                24.025441613827585,
                38.38569989188942
              ],
              [
                23.66053481749077,
                38.40357465937644
              ],
              [
                23.599717018101305,
                38.45717244335585
              ],
              [
                23.637728142719723,
                38.52262680680808
              ],
              [
                23.120776847909237,
                38.86676557896794
              ],
              [
                22.86990342542768,
                38.83716368115139
              ],
              [
                23.01434569897767,
                38.961408842619434
              ],
              [
                23.242412446688178,
                39.04411813294447
              ],
              [
                23.409661395009216,
                38.943672845059965
              ]
            ]
          ],
          [
            [
              [
                26.168826136199183,
                35.247108064607424
              ],
              [
                26.273509058562464,
                35.312659822419924
              ],
              [
                26.23604491671676,
                35.228763185457034
              ],
              [
                26.242667231169886,
                35.144874177888674
              ],
              [
                26.160485300627894,
                35.02428396792774
              ],
              [
                25.898680719939417,
                35.04525717349414
              ],
              [
                25.741736445037073,
                35.008853517488284
              ],
              [
                24.693467173186487,
                34.94047125430469
              ],
              [
                24.7156381936943,
                35.03477057071094
              ],
              [
                24.690066370574183,
                35.09244116397266
              ],
              [
                24.324357065764612,
                35.20778997989063
              ],
              [
                24.01319793185348,
                35.21041449160938
              ],
              [
                23.785594019499964,
                35.26285132022266
              ],
              [
                23.56772330721969,
                35.254981599763674
              ],
              [
                23.46688559970016,
                35.31790503116016
              ],
              [
                23.529439005461878,
                35.569625459626955
              ],
              [
                23.671465906706995,
                35.572249971345705
              ],
              [
                23.665133509246058,
                35.66665609927539
              ],
              [
                23.69665626010055,
                35.698123537019534
              ],
              [
                23.742875132170862,
                35.56175955386524
              ],
              [
                23.956812891570276,
                35.52767141909961
              ],
              [
                24.08185676058883,
                35.611583314851565
              ],
              [
                24.15267661532516,
                35.56438025088672
              ],
              [
                24.13581756075973,
                35.52242621035938
              ],
              [
                24.073323282805628,
                35.49620398135547
              ],
              [
                24.219702753630823,
                35.44900091739063
              ],
              [
                24.229603800383753,
                35.39131888003711
              ],
              [
                24.388283762541956,
                35.37296637149219
              ],
              [
                24.768567118254847,
                35.42802771182422
              ],
              [
                24.997481379119105,
                35.42102011294727
              ],
              [
                25.013600382415003,
                35.36247976870899
              ],
              [
                25.511635813323206,
                35.29476507754688
              ],
              [
                25.673207316008753,
                35.349368654207034
              ],
              [
                25.713534388152308,
                35.327010713533205
              ],
              [
                25.668467554656214,
                35.18682058902149
              ],
              [
                25.741803202239222,
                35.13700445742969
              ],
              [
                25.9354925485527,
                35.21303518863086
              ],
              [
                26.064152750579066,
                35.23924978824024
              ],
              [
                26.09935286959762,
                35.215648256257815
              ],
              [
                26.168826136199183,
                35.247108064607424
              ]
            ]
          ],
          [
            [
              [
                8.696099314299769,
                38.99581106753711
              ],
              [
                8.417174372283167,
                39.212203584626955
              ],
              [
                8.374221834746546,
                39.307845674470705
              ],
              [
                8.465033564177698,
                39.639937959626955
              ],
              [
                8.508480105010218,
                39.946475587800784
              ],
              [
                8.487975153533167,
                40.20879705996875
              ],
              [
                8.42818931063766,
                40.464854799226565
              ],
              [
                8.20155242404098,
                40.66299780459766
              ],
              [
                8.159486803618616,
                40.7846752032793
              ],
              [
                8.240707430449671,
                40.85533865542774
              ],
              [
                8.766072306243128,
                40.8628002032793
              ],
              [
                9.30620387515182,
                41.18444784732227
              ],
              [
                9.590851816741175,
                40.902911745027346
              ],
              [
                9.79373935183639,
                40.56368216128711
              ],
              [
                9.787847551909632,
                40.44195517154102
              ],
              [
                9.695723566619105,
                40.31368979068164
              ],
              [
                9.630800280181116,
                40.09585531802539
              ],
              [
                9.69800952395553,
                39.69349630923633
              ],
              [
                9.648338350859827,
                39.45721396060352
              ],
              [
                9.47892001589889,
                39.14415701480274
              ],
              [
                9.296275171843714,
                39.23312338443164
              ],
              [
                9.062541994658655,
                39.21989019961719
              ],
              [
                8.998516115752405,
                39.175094209626955
              ],
              [
                8.931367907134241,
                39.05370291324024
              ],
              [
                8.819559130278773,
                38.976913057283205
              ],
              [
                8.696099314299769,
                38.99581106753711
              ]
            ]
          ],
          [
            [
              [
                9.270520243254847,
                42.882510744050784
              ],
              [
                9.30318931063766,
                42.983192048982424
              ],
              [
                9.367051157561487,
                42.988101564363284
              ],
              [
                9.432161364165491,
                42.79413565249805
              ],
              [
                9.40549472293014,
                42.58059652896289
              ],
              [
                9.458552393523401,
                42.55605658145313
              ],
              [
                9.486711535063929,
                42.4063793048418
              ],
              [
                9.452508959380335,
                42.04830511660938
              ],
              [
                9.357456240264124,
                41.90121039004688
              ],
              [
                9.304538759795374,
                41.575267396882815
              ],
              [
                9.173024210540003,
                41.34990652652149
              ],
              [
                9.038939509001917,
                41.36949881167774
              ],
              [
                9.013268503752894,
                41.457679353669924
              ],
              [
                8.828752550688929,
                41.49197729678516
              ],
              [
                8.726921114531702,
                41.56056936831836
              ],
              [
                8.854648623076624,
                41.65367849917774
              ],
              [
                8.823254618254847,
                41.68797644229297
              ],
              [
                8.626926455107874,
                41.73208960147266
              ],
              [
                8.742449793425745,
                41.8815990314043
              ],
              [
                8.692829165068812,
                41.913463197664065
              ],
              [
                8.561865839568323,
                41.8815990314043
              ],
              [
                8.537932428923792,
                41.94778021426563
              ],
              [
                8.66831210574264,
                42.02868612857227
              ],
              [
                8.626454386321253,
                42.09734304995899
              ],
              [
                8.510698351470179,
                42.13412436099414
              ],
              [
                8.517246279326624,
                42.20770224185352
              ],
              [
                8.628421816436,
                42.26165731997852
              ],
              [
                8.500446352568812,
                42.359778963044924
              ],
              [
                8.609300646392054,
                42.48734625430469
              ],
              [
                8.87900260409469,
                42.624766908601565
              ],
              [
                9.000392946807093,
                42.63458975406055
              ],
              [
                9.018427881804651,
                42.69103964419727
              ],
              [
                9.149460825530237,
                42.710670076326174
              ],
              [
                9.23769286593551,
                42.664039216951174
              ],
              [
                9.280391726103968,
                42.727855287507815
              ],
              [
                9.270520243254847,
                42.882510744050784
              ]
            ]
          ],
          [
            [
              [
                33.77266601046676,
                35.129283510164065
              ],
              [
                33.92467406710738,
                34.95322760196094
              ],
              [
                33.79195693453902,
                34.95737036319141
              ],
              [
                33.732577356902304,
                34.90862234683399
              ],
              [
                33.538512262908164,
                34.944156251863284
              ],
              [
                33.48393538912887,
                34.79579123111133
              ],
              [
                33.1313925119316,
                34.680335603669924
              ],
              [
                32.958617243376914,
                34.659339509919924
              ],
              [
                32.91454604586715,
                34.635726533845705
              ],
              [
                32.91451552828902,
                34.54125937075977
              ],
              [
                32.816657099333945,
                34.538638673738284
              ],
              [
                32.78413680514449,
                34.625228486970705
              ],
              [
                32.603392634001914,
                34.61473425479297
              ],
              [
                32.271090540496054,
                34.71969565005664
              ],
              [
                32.27097991427535,
                34.81415518374805
              ],
              [
                32.198500666228476,
                34.86138876529102
              ],
              [
                32.1437216134941,
                35.042544923738284
              ],
              [
                32.1804762216484,
                35.05831488223438
              ],
              [
                32.23445800265426,
                35.01363333316211
              ],
              [
                32.30098632296676,
                35.01626165957813
              ],
              [
                32.48311522921676,
                35.15294226260547
              ],
              [
                32.74495223483199,
                35.11427267642383
              ],
              [
                32.819071802703085,
                35.2817455157793
              ],
              [
                32.795111689177695,
                35.36061056704883
              ],
              [
                33.37370971163863,
                35.30648001284961
              ],
              [
                33.539042505828085,
                35.33169516177539
              ],
              [
                34.45821288546676,
                35.64456137271289
              ],
              [
                34.04842666110152,
                35.40793188662891
              ],
              [
                33.780497583953085,
                35.2081371173418
              ],
              [
                33.77266601046676,
                35.129283510164065
              ]
            ]
          ],
          [
            [
              [
                28.034638437834925,
                43.39190252871875
              ],
              [
                27.887320551482386,
                43.06352575869922
              ],
              [
                27.86990836581344,
                42.799876771882815
              ],
              [
                27.836163553801722,
                42.73552282901172
              ],
              [
                27.654044184294886,
                42.68373831363086
              ],
              [
                27.501950296965784,
                42.51634558291797
              ],
              [
                27.494702372161097,
                42.40090139956836
              ],
              [
                27.60787108859176,
                42.41677816958789
              ],
              [
                27.913407358733362,
                42.078101716951174
              ],
              [
                27.917952570525355,
                41.977672182039065
              ],
              [
                28.026202234831995,
                41.88238485904102
              ],
              [
                28.018178019133753,
                41.75320776553516
              ],
              [
                28.10439780673141,
                41.59297140689258
              ],
              [
                28.371457132903284,
                41.43312796206836
              ],
              [
                29.012368235198206,
                41.254832826570315
              ],
              [
                29.081099543181605,
                41.200511537507815
              ],
              [
                28.964453730193323,
                40.98923834414844
              ],
              [
                28.82780745944137,
                40.91469915957813
              ],
              [
                28.17331412753219,
                41.05789526553516
              ],
              [
                28.02636817416305,
                41.02620657534961
              ],
              [
                27.93218329867477,
                40.95754965396289
              ],
              [
                27.47416976412887,
                40.962833009675784
              ],
              [
                27.313046488372034,
                40.789912782625
              ],
              [
                27.263756785002894,
                40.66717108340625
              ],
              [
                26.613572153655237,
                40.39804037661914
              ],
              [
                26.513939890471644,
                40.28197439761524
              ],
              [
                26.37586310824508,
                40.21340902896289
              ],
              [
                26.255158457366175,
                40.081561647371096
              ],
              [
                26.140885386077112,
                40.044654451326174
              ],
              [
                26.2142896982109,
                40.16066702456836
              ],
              [
                26.194821390715784,
                40.30307348819141
              ],
              [
                26.556477579680628,
                40.49829062075977
              ],
              [
                26.454838785735316,
                40.584308229402346
              ],
              [
                26.124041590300745,
                40.602847658113284
              ],
              [
                26.020724329558558,
                40.669322572664065
              ],
              [
                25.992875132170862,
                40.85245855899219
              ],
              [
                25.30111411532516,
                40.89594229312305
              ],
              [
                25.046317133513636,
                40.952273927644534
              ],
              [
                25.01892951449508,
                41.01714666934375
              ],
              [
                24.70066359957809,
                40.878341279939455
              ],
              [
                24.519127878752894,
                40.873065553621096
              ],
              [
                24.50495246371383,
                40.98406942935352
              ],
              [
                24.35430243929977,
                40.97096212954883
              ],
              [
                24.219058069792933,
                40.82968481631641
              ],
              [
                24.02515510043258,
                40.74636038394336
              ],
              [
                23.88595298251266,
                40.732894502595705
              ],
              [
                23.748394999114222,
                40.80443152041797
              ],
              [
                23.63469794711227,
                40.77275427432422
              ],
              [
                23.632977518645472,
                40.71316870303516
              ],
              [
                23.785174402800745,
                40.477191530183596
              ],
              [
                23.923703226653284,
                40.450809083894534
              ],
              [
                24.295352015105433,
                40.176490388826174
              ],
              [
                24.22063544711227,
                40.144847475007815
              ],
              [
                24.054778132048792,
                40.260882936433596
              ],
              [
                24.04777816256637,
                40.3083568439043
              ],
              [
                23.77477363070602,
                40.392764650300784
              ],
              [
                23.72216895541305,
                40.348243318513674
              ],
              [
                23.627234491912073,
                40.34528311343555
              ],
              [
                23.651745829192347,
                40.22922857852344
              ],
              [
                23.80366424044723,
                40.15539129825
              ],
              [
                23.86865905245895,
                40.16067465396289
              ],
              [
                23.920109781829066,
                40.05519827456836
              ],
              [
                23.90661719760055,
                39.997195802644534
              ],
              [
                23.796032938567347,
                39.986651979402346
              ],
              [
                23.59577277621383,
                40.19231756778125
              ],
              [
                23.291760477629847,
                40.28726156802539
              ],
              [
                23.29313949069137,
                40.24505575747852
              ],
              [
                23.259058985320276,
                40.22922857852344
              ],
              [
                23.366839441863245,
                40.107928834871096
              ],
              [
                23.436467203704066,
                40.044654451326174
              ],
              [
                23.59218505343551,
                40.00246389956836
              ],
              [
                23.63858512362594,
                39.96034201236133
              ],
              [
                23.59689048251266,
                39.93405493350391
              ],
              [
                23.26052573641891,
                39.970870576814455
              ],
              [
                23.276309046355433,
                40.04992254825
              ],
              [
                23.14114097079391,
                40.26615484805469
              ],
              [
                22.960160288420862,
                40.314708314851565
              ],
              [
                22.74805549105758,
                40.482467256501955
              ],
              [
                22.863902124968714,
                40.535228334382815
              ],
              [
                22.851946863738245,
                40.65133627505664
              ],
              [
                22.76996711215133,
                40.66717108340625
              ],
              [
                22.70125487765426,
                40.57744940371875
              ],
              [
                22.49206641635055,
                40.49829062075977
              ],
              [
                22.602265390959925,
                40.39723929019336
              ],
              [
                22.48961738070602,
                40.23052557559375
              ],
              [
                22.467362436858362,
                40.118480287507815
              ],
              [
                22.695097956267542,
                39.834483705476565
              ],
              [
                22.754473719206995,
                39.81834753604297
              ],
              [
                22.813431772795862,
                39.602740846589846
              ],
              [
                23.074168238249964,
                39.41345175357227
              ],
              [
                23.23608497103805,
                39.20315893741016
              ],
              [
                23.051917109099573,
                39.10328634829883
              ],
              [
                23.09980681857223,
                39.1873851642168
              ],
              [
                23.045252832976526,
                39.27149923892383
              ],
              [
                22.981301340666956,
                39.329330049470705
              ],
              [
                22.850853952971644,
                39.36613043399219
              ],
              [
                22.720257792082972,
                39.287269197419924
              ],
              [
                22.7660589548027,
                39.20278891177539
              ],
              [
                22.834883722869105,
                39.16636236758594
              ],
              [
                22.871062311736292,
                39.02434881778125
              ],
              [
                22.784213099089808,
                38.94033392520313
              ],
              [
                22.490498575774378,
                38.87685354800586
              ],
              [
                22.72328856906051,
                38.793170534089846
              ],
              [
                22.899373087493128,
                38.766891084626955
              ],
              [
                22.984231028166956,
                38.66704138369922
              ],
              [
                23.169491800872034,
                38.66704138369922
              ],
              [
                23.190995249358362,
                38.61034353824024
              ],
              [
                23.356156382170862,
                38.48950155825977
              ],
              [
                23.49384406527633,
                38.483131013826174
              ],
              [
                23.55576613864059,
                38.351764284089846
              ],
              [
                23.80394843539352,
                38.34651144595508
              ],
              [
                23.960743937102503,
                38.20991476626758
              ],
              [
                23.966990503874964,
                38.15213354678516
              ],
              [
                23.880024942961878,
                38.11535605044727
              ],
              [
                23.98729995211715,
                37.76342733950977
              ],
              [
                23.918181452361292,
                37.684642396882815
              ],
              [
                23.835513147917933,
                37.684642396882815
              ],
              [
                23.73368361910934,
                37.85785635562305
              ],
              [
                23.63414863070602,
                37.878978334382815
              ],
              [
                23.49570182284469,
                38.06807669253711
              ],
              [
                22.980614695159144,
                37.957767091707034
              ],
              [
                22.898057016936487,
                37.89998968692188
              ],
              [
                23.039967569915003,
                37.85796698184375
              ],
              [
                23.048874888030237,
                37.64263113589649
              ],
              [
                23.151383432952112,
                37.59012182803516
              ],
              [
                23.321707758513636,
                37.63738211245899
              ],
              [
                23.312159571257776,
                37.548106752351565
              ],
              [
                23.418124231902308,
                37.46934088321094
              ],
              [
                23.184979471770472,
                37.42733343692188
              ],
              [
                23.18579200228805,
                37.374827943757815
              ],
              [
                23.1095648141777,
                37.34664114566211
              ],
              [
                22.970976862517542,
                37.38532217593555
              ],
              [
                23.025345835295862,
                37.479842744783205
              ],
              [
                22.942069086638636,
                37.518390260652346
              ],
              [
                22.713290247527308,
                37.543433748201174
              ],
              [
                22.642317804900355,
                37.58486517520313
              ],
              [
                22.638745340911097,
                37.492286287263674
              ],
              [
                22.726239237395472,
                37.28850897403125
              ],
              [
                22.81334975680465,
                37.212054811433596
              ],
              [
                22.793108973113245,
                37.1385570392168
              ],
              [
                22.886887583342737,
                37.04668005557422
              ],
              [
                22.98255256137008,
                36.6147533282793
              ],
              [
                22.673554453459925,
                36.754283510164065
              ],
              [
                22.524447474089808,
                36.722125612214846
              ],
              [
                22.390296015349573,
                36.524371705964846
              ],
              [
                22.19140723666305,
                36.855235658601565
              ],
              [
                21.98417190035934,
                37.02048071475391
              ],
              [
                21.780915293303675,
                36.82254370303516
              ],
              [
                21.588168177214808,
                36.9814411029375
              ],
              [
                21.531443628874964,
                37.11514624209766
              ],
              [
                21.62650016268844,
                37.30651815982227
              ],
              [
                21.613707575408167,
                37.41484793277149
              ],
              [
                21.29634765109176,
                37.72654303164844
              ],
              [
                21.2211313577568,
                37.82839544864063
              ],
              [
                21.228430780974573,
                37.90490683169727
              ],
              [
                21.44045165499801,
                38.179515443757815
              ],
              [
                21.71449950656051,
                38.135440431550784
              ],
              [
                21.905766520110316,
                38.26973684878711
              ],
              [
                22.74721435031051,
                37.95260580630664
              ],
              [
                22.89865592440719,
                37.9975543841875
              ],
              [
                23.116345438567347,
                38.157394014314455
              ],
              [
                22.87563804110641,
                38.204600892976565
              ],
              [
                22.33374122103805,
                38.426707826570315
              ],
              [
                21.8264723153984,
                38.46395834536914
              ],
              [
                21.36445525607223,
                38.412005983308596
              ],
              [
                21.17240432223434,
                38.34783896060352
              ],
              [
                20.77183059176559,
                38.85093268008594
              ],
              [
                20.892598185149378,
                38.895831666902346
              ],
              [
                21.006508860198206,
                38.87054403872852
              ],
              [
                21.104685816374964,
                38.92177542300586
              ],
              [
                21.159516367522425,
                39.004825197175784
              ],
              [
                21.007184061614222,
                39.112987123445315
              ],
              [
                20.901148829070276,
                39.06173285098438
              ],
              [
                20.677752527800745,
                39.08042486758594
              ],
              [
                20.211808237639612,
                39.404925905183596
              ],
              [
                20.09082892855758,
                39.60253103824024
              ],
              [
                20.02855971774215,
                39.81378134341602
              ],
              [
                19.803648981658167,
                40.016963563875
              ],
              [
                19.36906722506637,
                40.26028021426563
              ],
              [
                19.380225214568323,
                40.32358130069141
              ],
              [
                19.48371222933883,
                40.29589041324024
              ],
              [
                19.494483027068323,
                40.4027171954668
              ],
              [
                19.339222941008753,
                40.58873709292774
              ],
              [
                19.527255091277308,
                40.865890108064455
              ],
              [
                19.445403132048792,
                40.96489676089649
              ],
              [
                19.529950174895472,
                41.21844442935352
              ],
              [
                19.416991266814417,
                41.345252595857424
              ],
              [
                19.49891570529098,
                41.52362021060352
              ],
              [
                19.619383844939417,
                41.559302888826174
              ],
              [
                19.606965097991175,
                41.761539064363284
              ],
              [
                19.143036875334925,
                41.93209036441211
              ],
              [
                19.135544809905237,
                41.99954184146289
              ],
              [
                18.90989974459762,
                42.217792116121096
              ],
              [
                18.528643641081995,
                42.35274466128711
              ],
              [
                18.001368555632776,
                42.69445761294727
              ],
              [
                17.595679316130823,
                42.888900361970705
              ],
              [
                17.07508758029098,
                43.22274740786914
              ],
              [
                16.99226287325973,
                43.32271536441211
              ],
              [
                16.639813456145472,
                43.38973578067188
              ],
              [
                16.54851058444137,
                43.461314760164065
              ],
              [
                16.36674788912887,
                43.51302298159961
              ],
              [
                16.059407267180628,
                43.4334789142168
              ],
              [
                15.912835154143519,
                43.65224798770313
              ],
              [
                15.412318262664026,
                43.934756837800784
              ],
              [
                15.149468454924769,
                44.23992880435352
              ],
              [
                15.548222574797816,
                44.229346834138674
              ],
              [
                15.285944017974085,
                44.32891806216602
              ],
              [
                14.989106211272425,
                44.54002722354297
              ],
              [
                14.906961474028773,
                44.72332342715625
              ],
              [
                14.945532831755823,
                44.92658957095508
              ],
              [
                14.815391573516077,
                45.07786902041797
              ],
              [
                14.524585756865687,
                45.26628454776172
              ],
              [
                14.354488405791468,
                45.32289084048633
              ],
              [
                14.23862174471969,
                45.062354646638674
              ],
              [
                14.174608263579554,
                45.010387025789065
              ],
              [
                14.188512835112757,
                44.94254644961719
              ],
              [
                14.060400042144007,
                44.89470251651172
              ],
              [
                13.991256746855921,
                44.783099733308596
              ],
              [
                13.89510253390426,
                44.75918158145313
              ],
              [
                13.6720590921318,
                45.050357423738284
              ],
              [
                13.52689078768844,
                45.45431097598438
              ],
              [
                13.7490854593193,
                45.49433096499805
              ],
              [
                13.799984011260218,
                45.56637152285938
              ],
              [
                13.673180613127894,
                45.71450766177539
              ],
              [
                13.564614328948206,
                45.72652395816211
              ],
              [
                13.437729868498987,
                45.638431154207034
              ],
              [
                13.367695841399378,
                45.69448813052539
              ],
              [
                13.156165155974573,
                45.72652395816211
              ],
              [
                13.104608568755335,
                45.58238562198047
              ],
              [
                12.898650202361292,
                45.55837210269336
              ],
              [
                12.44815543612594,
                45.39428671450977
              ],
              [
                12.483212503997034,
                45.46231421084766
              ],
              [
                12.279743227568812,
                45.40228994937305
              ],
              [
                12.251417193022913,
                45.29028280825977
              ],
              [
                12.180371317473597,
                45.27027853579883
              ],
              [
                12.176189455596155,
                45.21429022403125
              ],
              [
                12.312513384429163,
                45.178294740632815
              ],
              [
                12.322136911956019,
                45.0423656329668
              ],
              [
                12.523090395537562,
                44.88275106997852
              ],
              [
                12.476044687834925,
                44.787086091951174
              ],
              [
                12.27358439883346,
                44.67263754458789
              ],
              [
                12.345076593962855,
                44.30104025454883
              ],
              [
                12.697230372039026,
                43.934756837800784
              ],
              [
                13.600871119109339,
                43.53480490298633
              ],
              [
                13.731556925383753,
                43.37416037173633
              ],
              [
                13.791634592620081,
                43.12334402652149
              ],
              [
                13.91509059390182,
                42.87276419253711
              ],
              [
                14.092769655791468,
                42.60952719302539
              ],
              [
                14.51930907687301,
                42.22970160098438
              ],
              [
                14.719955477324671,
                42.141761384919924
              ],
              [
                14.738527330962366,
                42.047156892732424
              ],
              [
                14.922405275908655,
                41.97177084536914
              ],
              [
                15.448605570403284,
                41.856727205232424
              ],
              [
                16.012843165007776,
                41.90432318301563
              ],
              [
                16.187411341277308,
                41.84086187930469
              ],
              [
                16.198414835540003,
                41.745669923738284
              ],
              [
                15.989146265593714,
                41.634646974519534
              ],
              [
                15.873253855315394,
                41.50214346499805
              ],
              [
                15.991044077483362,
                41.40614279361133
              ],
              [
                16.94596389254684,
                41.093814454988284
              ],
              [
                18.033919367400355,
                40.59665258975391
              ],
              [
                18.059941324797816,
                40.513534151033205
              ],
              [
                18.3836126657402,
                40.307750307039065
              ],
              [
                18.522648844329066,
                40.09413107486133
              ],
              [
                18.364918741790003,
                39.746722780183596
              ],
              [
                18.017067942229456,
                39.947894655183596
              ],
              [
                17.967745813933558,
                40.16689261050586
              ],
              [
                17.84960463961715,
                40.24349554629688
              ],
              [
                17.401650461760706,
                40.29192694278125
              ],
              [
                17.20417121371383,
                40.39794119449024
              ],
              [
                17.242802652922816,
                40.49576147647266
              ],
              [
                17.08408072909469,
                40.52511175723438
              ],
              [
                16.948712381926722,
                40.481090150789065
              ],
              [
                16.727564844695276,
                40.183604799226565
              ],
              [
                16.604413065520472,
                40.089908204988284
              ],
              [
                16.623852762786097,
                39.96775396914844
              ],
              [
                16.535006556121058,
                39.83156546206836
              ],
              [
                16.532101664153284,
                39.697513185457034
              ],
              [
                17.14906981906051,
                39.42180212588672
              ],
              [
                17.107419046965784,
                39.28047140689258
              ],
              [
                17.120997461882776,
                39.08602102847461
              ],
              [
                17.18071273287887,
                39.02220877261524
              ],
              [
                17.094689402190394,
                38.915023408845705
              ],
              [
                16.797699961272425,
                38.92585714908008
              ],
              [
                16.61332992037887,
                38.82732733340625
              ],
              [
                16.522202524748987,
                38.72502478213672
              ],
              [
                16.57200149020309,
                38.45711859317188
              ],
              [
                16.330693277922816,
                38.320743165925784
              ],
              [
                16.052943262664026,
                37.93117483706836
              ],
              [
                15.785237345305628,
                37.909705720857424
              ],
              [
                15.627475771514124,
                38.00421103091602
              ],
              [
                15.62657741030807,
                38.23308142276172
              ],
              [
                15.790868792144007,
                38.296397767976565
              ],
              [
                15.933466944304651,
                38.53991659732227
              ],
              [
                15.827300104705042,
                38.62273367495899
              ],
              [
                15.989846262541956,
                38.73476370425586
              ],
              [
                16.15220931491012,
                38.70126684756641
              ],
              [
                16.2122259469902,
                38.77795370669727
              ],
              [
                16.177208933440394,
                38.93099173159961
              ],
              [
                16.082562479582972,
                39.01247366519336
              ],
              [
                15.989552530852503,
                39.4283519610918
              ],
              [
                15.824671778289026,
                39.660628877595705
              ],
              [
                15.757021936980433,
                39.93362768741016
              ],
              [
                15.666200670806116,
                40.091861329988284
              ],
              [
                15.515924486724085,
                40.06594809146289
              ],
              [
                15.432033571807093,
                39.988971315339846
              ],
              [
                15.027263674346155,
                40.212195955232424
              ],
              [
                14.898671183196253,
                40.241458497957034
              ],
              [
                14.992320093718714,
                40.37221869082813
              ],
              [
                14.951005014983362,
                40.55147894473438
              ],
              [
                14.743317637053675,
                40.70481451602344
              ],
              [
                14.334127459136194,
                40.593604646638674
              ],
              [
                14.34976962527389,
                40.64252432437305
              ],
              [
                14.494590792266077,
                40.72996100039844
              ],
              [
                14.370310816374964,
                40.85147055240039
              ],
              [
                14.239995989409632,
                40.852943025544924
              ],
              [
                14.050873789397425,
                40.76751288028125
              ],
              [
                13.941878351775355,
                40.99803503604297
              ],
              [
                13.797006640044398,
                41.19344671817188
              ],
              [
                13.49839023074264,
                41.301864229158205
              ],
              [
                12.976777109709925,
                41.371375642732424
              ],
              [
                12.641516718474573,
                41.53109701724414
              ],
              [
                12.394848856536097,
                41.72954901309375
              ],
              [
                11.963433298674769,
                42.00474127383594
              ],
              [
                11.497365030852503,
                42.376353822664065
              ],
              [
                11.104763063994593,
                42.549083314851565
              ],
              [
                10.742755922881312,
                42.850509248689455
              ],
              [
                10.487745318022913,
                43.235938631013674
              ],
              [
                10.292479548064417,
                43.70543631167774
              ],
              [
                10.136747393218226,
                43.904769502595705
              ],
              [
                9.909300837126917,
                44.110477052644534
              ],
              [
                9.691935572234339,
                44.219600282625
              ],
              [
                8.896585497466273,
                44.43718679995899
              ],
              [
                8.671724352446741,
                44.417403779939455
              ],
              [
                8.186360392180628,
                44.12639959903125
              ],
              [
                7.979526552764124,
                43.964915834382815
              ],
              [
                7.552810225096888,
                43.867450319246096
              ],
              [
                6.523014101592249,
                43.15085180850391
              ],
              [
                5.828570398894495,
                43.020816408113284
              ],
              [
                5.646554979888148,
                43.03331717105274
              ],
              [
                5.434490236846155,
                43.103656373933596
              ],
              [
                5.05181697329635,
                43.32809790225391
              ],
              [
                4.909845861998743,
                43.366439424470705
              ],
              [
                4.646513971892542,
                43.320865236238284
              ],
              [
                4.416764769164271,
                43.34614523501758
              ],
              [
                4.078196081725307,
                43.48708685489063
              ],
              [
                3.807468924132532,
                43.467227540925784
              ],
              [
                3.47871283015365,
                43.31209524722461
              ],
              [
                3.317868027297205,
                43.19595297427539
              ],
              [
                3.067900213805383,
                42.944564424470705
              ],
              [
                3.001891169158167,
                42.77080877871875
              ],
              [
                3.087081465331262,
                42.36864431949024
              ],
              [
                3.08628610095138,
                42.1207233295
              ],
              [
                3.156553778258508,
                42.075721345857424
              ],
              [
                3.128878864852136,
                41.85722693057422
              ],
              [
                2.200590166655725,
                41.44614752383594
              ],
              [
                2.080724749175256,
                41.29848822207813
              ],
              [
                1.311244878379053,
                41.15725287051563
              ],
              [
                0.879201922026819,
                41.0217357501543
              ],
              [
                0.733751806822962,
                40.87495382876758
              ],
              [
                0.709782037345117,
                40.78514822574024
              ],
              [
                0.82712546309585,
                40.7274242267168
              ],
              [
                0.787556442824548,
                40.65688665957813
              ],
              [
                0.505141589251703,
                40.592757783845705
              ],
              [
                0.237927589026636,
                40.24019964785938
              ],
              [
                -0.160625037344748,
                39.886024080232424
              ],
              [
                -0.394848432930762,
                39.434459291414065
              ],
              [
                -0.165695284100825,
                38.95406302066211
              ],
              [
                0.12611598095054,
                38.821353517488284
              ],
              [
                0.172570082751459,
                38.738345704988284
              ],
              [
                -0.43515532890206,
                38.43033941836719
              ],
              [
                -0.564126816185766,
                38.21486624331836
              ],
              [
                -0.664728876742178,
                38.17657431216602
              ],
              [
                -0.872343566807562,
                37.75979956241016
              ],
              [
                -0.802563574703985,
                37.61500509829883
              ],
              [
                -0.918272283467108,
                37.57034262271289
              ],
              [
                -1.364567962082678,
                37.54839285464649
              ],
              [
                -1.625712480934912,
                37.439490877107424
              ],
              [
                -1.816879835518652,
                37.2924762591875
              ],
              [
                -1.940475192459875,
                36.95159872622852
              ],
              [
                -2.238797393235022,
                36.728396974519534
              ],
              [
                -2.355097499283606,
                36.82405050845508
              ],
              [
                -2.624331441315466,
                36.811297975496096
              ],
              [
                -2.761496749314123,
                36.69013937564258
              ],
              [
                -2.915331569107825,
                36.69013937564258
              ],
              [
                -2.969792333039099,
                36.74114950747852
              ],
              [
                -4.446585622223669,
                36.72201880069141
              ],
              [
                -4.757303681763464,
                36.48610647769336
              ],
              [
                -5.216736283692175,
                36.40959509463672
              ],
              [
                -5.374227490814977,
                36.23747595401172
              ],
              [
                -5.38674971142655,
                36.10998495669727
              ],
              [
                -5.424260106476599,
                36.07174261660938
              ],
              [
                -5.457090821656042,
                36.16735800357227
              ],
              [
                -5.487933125885778,
                36.173724733308596
              ],
              [
                -5.485486474427038,
                36.06536825747852
              ],
              [
                -5.660587277802282,
                36.008006654695315
              ],
              [
                -5.850014176758581,
                36.07174261660938
              ],
              [
                -6.204461064728552,
                36.28209646792774
              ],
              [
                -6.304971661957556,
                36.45422323794727
              ],
              [
                -6.288880792053991,
                36.57217749209766
              ],
              [
                -6.444025006684119,
                36.62318380923633
              ],
              [
                -6.500485864075475,
                36.718829713777346
              ],
              [
                -6.421713319214636,
                36.79216345401172
              ],
              [
                -6.632153954895788,
                37.02175100894336
              ],
              [
                -6.947954621704869,
                37.14931448550586
              ],
              [
                -7.227823701294714,
                37.22585638614063
              ],
              [
                -7.491503682526403,
                37.20815619082813
              ],
              [
                -7.836042371186071,
                37.03225287051563
              ],
              [
                -8.033637967499548,
                37.00878866763477
              ],
              [
                -8.280239072235876,
                37.088580690339846
              ],
              [
                -8.541073766144567,
                37.088580690339846
              ],
              [
                -8.667059865387731,
                37.12144049258594
              ],
              [
                -8.990849461945349,
                36.990008912996096
              ],
              [
                -9.016643491181188,
                37.069800935701174
              ],
              [
                -8.841511693390661,
                37.52514608950977
              ],
              [
                -8.851028409394079,
                37.91018255801563
              ],
              [
                -8.93278595486527,
                37.96184118838672
              ],
              [
                -8.822993245514684,
                38.206073366121096
              ],
              [
                -8.847303357514196,
                38.384566865876955
              ],
              [
                -8.788920369538122,
                38.43598135562305
              ],
              [
                -8.853651967438513,
                38.4996410235918
              ],
              [
                -9.236570325287634,
                38.41744955630664
              ],
              [
                -9.2851581243599,
                38.61946829409961
              ],
              [
                -9.069152799042516,
                38.64295919986133
              ],
              [
                -8.941892590912634,
                38.74191626162891
              ],
              [
                -8.960826840790563,
                38.81846197696094
              ],
              [
                -9.040849652680212,
                38.92018087954883
              ],
              [
                -9.175754514130407,
                38.73223074527149
              ],
              [
                -9.361637082489782,
                38.671145997957034
              ],
              [
                -9.522397008332067,
                38.6899371966875
              ],
              [
                -9.54900738278275,
                38.77451666446094
              ],
              [
                -9.459762540253454,
                38.95307882876758
              ],
              [
                -9.3977069524849,
                39.23036154361133
              ],
              [
                -9.415269818695837,
                39.366675935701174
              ],
              [
                -9.299269643219763,
                39.417735658601565
              ],
              [
                -9.117922749909216,
                39.64403494449024
              ],
              [
                -8.915585484894567,
                40.13814886660938
              ],
              [
                -8.969669309052282,
                40.19001730533008
              ],
              [
                -8.69406982937699,
                40.992171846345705
              ],
              [
                -8.851777997406774,
                41.40782888980274
              ],
              [
                -8.854754414948278,
                41.59685095401172
              ],
              [
                -8.920735326203161,
                41.76702078433399
              ],
              [
                -8.806055035980993,
                41.889178834871096
              ],
              [
                -8.86048599758988,
                42.0145336017168
              ],
              [
                -8.798570599945837,
                42.194530092195315
              ],
              [
                -8.644062962921911,
                42.419749818757815
              ],
              [
                -8.94172379055863,
                42.824195466951174
              ],
              [
                -9.173123326691442,
                42.85590323062305
              ],
              [
                -9.24685951748734,
                42.900775514558596
              ],
              [
                -9.270803418549352,
                43.048690401033205
              ],
              [
                -9.197466817292028,
                43.158214174226565
              ],
              [
                -9.013589826020056,
                43.28085669131641
              ],
              [
                -8.849216428192907,
                43.326243959382815
              ],
              [
                -8.31041332760697,
                43.35304983706836
              ],
              [
                -8.25069710293656,
                43.4304271564043
              ],
              [
                -8.22022434750443,
                43.61720999331836
              ],
              [
                -7.979528870972448,
                43.740054689363284
              ],
              [
                -7.636274781616979,
                43.721412263826174
              ],
              [
                -7.151302304657751,
                43.554942689851565
              ],
              [
                -6.807975736054234,
                43.523421846345705
              ],
              [
                -6.467573609741979,
                43.56272467227344
              ],
              [
                -5.979656186493688,
                43.70537909121875
              ],
              [
                -5.820451226624304,
                43.70568808169727
              ],
              [
                -5.537417855652624,
                43.57745321841602
              ],
              [
                -5.224896397980505,
                43.507247529939455
              ],
              [
                -3.847605910691077,
                43.43916281314258
              ],
              [
                -3.417000499161536,
                43.37565191836719
              ],
              [
                -3.195965257080847,
                43.446883760408205
              ],
              [
                -3.007205691727453,
                43.55027350039844
              ],
              [
                -2.768362489136511,
                43.53787573428516
              ],
              [
                -2.367384400757605,
                43.326243959382815
              ],
              [
                -2.065644708069617,
                43.333270631746096
              ],
              [
                -1.914577808769995,
                43.3054157123125
              ],
              [
                -1.746070232781225,
                43.36016043277149
              ],
              [
                -1.561407771500403,
                43.524425111726565
              ],
              [
                -1.314379182251745,
                44.558963380769534
              ],
              [
                -1.135849919709021,
                44.600101076082034
              ],
              [
                -1.230320539864355,
                44.730411134675784
              ],
              [
                -1.331778016480261,
                44.61382635684375
              ],
              [
                -1.275514092835242,
                45.12873037906055
              ],
              [
                -1.175191727074438,
                45.50050314517383
              ],
              [
                -1.123440351876074,
                45.431617341951174
              ],
              [
                -0.900364187153631,
                45.29391058535938
              ],
              [
                -0.728486028107458,
                45.01864203067188
              ],
              [
                -0.85470238009339,
                45.321448884919924
              ],
              [
                -1.247395124825293,
                45.688148103669924
              ],
              [
                -1.236505594643408,
                45.8000446185625
              ],
              [
                -1.07519969025498,
                46.01461752505664
              ],
              [
                -1.165981498154455,
                46.18368109317188
              ],
              [
                -1.256056633385473,
                46.30683096499805
              ],
              [
                -1.402668443116003,
                46.403934083894534
              ],
              [
                -1.710726466568762,
                46.44879110904102
              ],
              [
                -1.942478146942908,
                46.70579870791797
              ],
              [
                -2.129660334976965,
                46.85084494204883
              ],
              [
                -2.004645553025061,
                47.04250296206836
              ],
              [
                -2.10947760620957,
                47.124042116121096
              ],
              [
                -2.493711915406042,
                47.24692114444141
              ],
              [
                -2.576483931931311,
                47.324866853669924
              ],
              [
                -2.46554347554093,
                47.49438437075977
              ],
              [
                -2.613652196320349,
                47.572249971345705
              ],
              [
                -2.842474189194494,
                47.49190481753711
              ],
              [
                -3.062696423920447,
                47.60393866153125
              ],
              [
                -3.433526244553381,
                47.71681173892383
              ],
              [
                -3.7118680147255,
                47.79814871402149
              ],
              [
                -3.858102050217444,
                47.79180868716602
              ],
              [
                -3.954837766083533,
                47.90433844180469
              ],
              [
                -4.36437365094071,
                47.82931097598438
              ],
              [
                -4.390935388001257,
                47.94184836001758
              ],
              [
                -4.510127511414343,
                47.99813040347461
              ],
              [
                -4.675397363098913,
                48.01689489932422
              ],
              [
                -4.700306382569128,
                48.06380423159961
              ],
              [
                -4.312866177948766,
                48.10133322329883
              ],
              [
                -4.350984063538366,
                48.204566560701174
              ],
              [
                -4.587968316468054,
                48.25149496646289
              ],
              [
                -4.38890167752152,
                48.298438631013674
              ],
              [
                -4.350201573761755,
                48.390506349519534
              ],
              [
                -4.59202143231278,
                48.392318330720705
              ],
              [
                -4.779634442719275,
                48.354774080232424
              ],
              [
                -4.761963334473425,
                48.55200155825977
              ],
              [
                -4.625704255493932,
                48.546668611482424
              ],
              [
                -4.488299336823278,
                48.61226614566211
              ],
              [
                -3.998872962387854,
                48.73053701968555
              ],
              [
                -3.902217355164343,
                48.64596136660938
              ],
              [
                -3.821306434067541,
                48.721149049714846
              ],
              [
                -3.607873406800085,
                48.692950807527346
              ],
              [
                -3.557670083435827,
                48.810077272371096
              ],
              [
                -3.091225352677161,
                48.87155111880664
              ],
              [
                -2.790535416992956,
                48.58958014102344
              ],
              [
                -2.636378016861731,
                48.55200155825977
              ],
              [
                -2.342885461243445,
                48.67414816470508
              ],
              [
                -2.200072136315161,
                48.598983369783205
              ],
              [
                -1.870566811951452,
                48.711742006257815
              ],
              [
                -1.857612696083838,
                48.60836752505664
              ],
              [
                -1.591356840523535,
                48.63750036807422
              ],
              [
                -1.456587758454138,
                48.683551393464846
              ],
              [
                -1.575547900589758,
                48.76814230533008
              ],
              [
                -1.579779472740942,
                49.2290111407793
              ],
              [
                -1.638999786766821,
                49.219607912019534
              ],
              [
                -1.891543593796545,
                49.526351533845705
              ],
              [
                -1.941284146698767,
                49.70930441470508
              ],
              [
                -1.524247136505896,
                49.65277060122852
              ],
              [
                -1.250969496163183,
                49.69987829776172
              ],
              [
                -1.288660493286902,
                49.520972810701174
              ],
              [
                -1.177143421562964,
                49.33254965396289
              ],
              [
                -1.023191001805121,
                49.39845999331836
              ],
              [
                -0.464948442372137,
                49.35137899966602
              ],
              [
                -0.239364930036122,
                49.28548773379688
              ],
              [
                0.032870042530245,
                49.33370550723438
              ],
              [
                0.330848249999231,
                49.45495565982227
              ],
              [
                0.090372207966989,
                49.51055487246875
              ],
              [
                0.115054044333643,
                49.60227545352344
              ],
              [
                0.189372840729898,
                49.681026063875
              ],
              [
                0.528559717742151,
                49.8258014545
              ],
              [
                1.274518880454248,
                50.00430258365039
              ],
              [
                1.551989111510462,
                50.22880896182422
              ],
              [
                1.528296861258692,
                50.57772787661914
              ],
              [
                1.588920149413294,
                50.821883760408205
              ],
              [
                2.030328068343347,
                51.006656251863284
              ],
              [
                2.44259599169845,
                51.04803045840625
              ],
              [
                2.995262178984827,
                51.313479982332034
              ],
              [
                3.2136051984703,
                51.35356863589649
              ],
              [
                3.472019943801111,
                51.31439169497852
              ],
              [
                3.681297096816248,
                51.3214183673418
              ],
              [
                5.135158159771422,
                52.126689920244836
              ],
              [
                5.448322555449071,
                52.048398821325414
              ],
              [
                6.857562335998502,
                51.57865222780894
              ],
              [
                6.857562335998502,
                50.952323436453646
              ],
              [
                7.562182226273215,
                50.48257684293717
              ],
              [
                7.740685931809476,
                49.99090874172327
              ],
              [
                8.291855268202141,
                49.94080243841484
              ],
              [
                8.39206787481899,
                49.59005831525587
              ],
              [
                8.542386784744263,
                49.389633102022174
              ],
              [
                7.891004841734748,
                48.88857006893793
              ],
              [
                7.740685931809476,
                48.43761333916211
              ],
              [
                8.041323751660022,
                48.287294429236844
              ],
              [
                8.592493088052686,
                48.13697551931157
              ],
              [
                10.696957827006502,
                48.68814485570423
              ],
              [
                11.448552376632863,
                48.738251159012655
              ],
              [
                12.200146926259228,
                49.139101585480056
              ],
              [
                14.755568394988861,
                48.187081822619994
              ],
              [
                15.757694461157344,
                48.53782594577896
              ],
              [
                16.078781624466824,
                48.42668038924876
              ],
              [
                15.886140101986106,
                47.86547983497711
              ],
              [
                17.803190265556196,
                47.10145779870038
              ],
              [
                18.905605154940865,
                47.44094904033701
              ],
              [
                18.86428526627964,
                45.581554050581936
              ],
              [
                20.16704915229867,
                45.28091623073139
              ],
              [
                20.385843565250656,
                44.797594038362774
              ],
              [
                20.921798221915534,
                44.65248758959712
              ],
              [
                21.19899665774994,
                44.92968602543153
              ],
              [
                21.734298206156726,
                44.84516472831467
              ],
              [
                22.86616890267723,
                47.26849501763038
              ],
              [
                25.127304993041957,
                47.70033314695177
              ],
              [
                27.339285951007444,
                46.90031916628867
              ],
              [
                27.093510289011277,
                46.054085290193676
              ],
              [
                25.56970118463505,
                45.64321634463933
              ],
              [
                25.709180953652826,
                43.9255057496229
              ],
              [
                26.835364853049565,
                44.19049019653978
              ],
              [
                28.036558074998663,
                44.375289153762715
              ],
              [
                27.944158596387194,
                44.92968602543153
              ],
              [
                28.2213570322216,
                45.48408289710034
              ],
              [
                29.615916285124964,
                45.41020544619922
              ],
              [
                29.683211359587855,
                45.37478979678516
              ],
              [
                29.710764917937464,
                45.25833471866016
              ],
              [
                29.457522425261683,
                44.91514929385547
              ],
              [
                29.08974936923141,
                44.87573202700977
              ],
              [
                28.918236765471644,
                44.765750490144534
              ],
              [
                28.686247858611292,
                44.48805197329883
              ],
              [
                28.57311347445602,
                44.19782217593555
              ],
              [
                28.44569304904098,
                43.476363740876955
              ],
              [
                28.328095469084925,
                43.43752630801563
              ],
              [
                28.187058481780237,
                43.450118623689455
              ],
              [
                28.034638437834925,
                43.39190252871875
              ]
            ]
          ],
          [
            [
              [
                15.1121807428276,
                37.45903357119922
              ],
              [
                15.116248163787073,
                37.286944948152346
              ],
              [
                15.301346811858362,
                37.057899080232424
              ],
              [
                15.220631632415003,
                37.000377260164065
              ],
              [
                15.027343782988734,
                36.74511679263477
              ],
              [
                14.942398104277796,
                36.738563142732424
              ],
              [
                14.622022661772913,
                36.776141725496096
              ],
              [
                14.215912851897425,
                37.0493236407793
              ],
              [
                13.868404421416468,
                37.15695150943164
              ],
              [
                13.011567148772425,
                37.52489431949024
              ],
              [
                12.63687900027389,
                37.581500612214846
              ],
              [
                12.532035860625452,
                37.63867148013477
              ],
              [
                12.454147371855921,
                37.766009889558596
              ],
              [
                12.516644510832972,
                37.91916998477344
              ],
              [
                12.664325747100062,
                38.07249792666797
              ],
              [
                12.782839808074183,
                38.11737783999805
              ],
              [
                13.065952334014124,
                38.066932283357424
              ],
              [
                13.322475466338343,
                38.22051199527149
              ],
              [
                13.627963099089808,
                38.02980764956836
              ],
              [
                13.809530291167444,
                37.966415010408205
              ],
              [
                14.134472879973597,
                37.973453126863284
              ],
              [
                14.765865358916468,
                38.0576129779375
              ],
              [
                15.386741671172327,
                38.20554693789844
              ],
              [
                15.453687700835413,
                38.16741522403125
              ],
              [
                15.472892794219202,
                38.110057435945315
              ],
              [
                15.181032213774866,
                37.68228109927539
              ],
              [
                15.1121807428276,
                37.45903357119922
              ]
            ]
          ],
          [
            [
              [
                0.326831850615686,
                52.707477174714846
              ],
              [
                0.50467011651153,
                52.847510896638674
              ],
              [
                0.741839024630731,
                52.901195131257815
              ],
              [
                1.01266435107345,
                52.88841589541797
              ],
              [
                1.375926766005701,
                52.809241853669924
              ],
              [
                1.585714611617273,
                52.650043092683596
              ],
              [
                1.691691670027918,
                52.311420045808596
              ],
              [
                1.656872067061609,
                52.21178396792774
              ],
              [
                1.511889729109949,
                52.02575644107227
              ],
              [
                1.031286153403467,
                51.812720857576174
              ],
              [
                0.686218056288904,
                51.56038626284961
              ],
              [
                0.254172805157846,
                51.453597627595705
              ],
              [
                1.0300673576271,
                51.35884817691211
              ],
              [
                1.189365777579492,
                51.40547140689258
              ],
              [
                1.36468068083877,
                51.35290487857227
              ],
              [
                1.33496442755813,
                51.12069662661914
              ],
              [
                0.886016640273279,
                50.981891237214846
              ],
              [
                0.888346943465418,
                50.89267309756641
              ],
              [
                0.672568890658563,
                50.930667482332034
              ],
              [
                0.191810223666376,
                50.73128470034961
              ],
              [
                -0.335705709251219,
                50.816714845613284
              ],
              [
                -0.839040127190405,
                50.72180136294727
              ],
              [
                -1.103359904679114,
                50.816714845613284
              ],
              [
                -2.085358705910497,
                50.702823244050784
              ],
              [
                -2.023685899170691,
                50.570010744050784
              ],
              [
                -2.431994643601233,
                50.64588888736133
              ],
              [
                -2.550505128296667,
                50.570010744050784
              ],
              [
                -2.960618939789587,
                50.72180136294727
              ],
              [
                -3.131739111068131,
                50.655335218208585
              ],
              [
                -3.188912504599814,
                51.17873152457686
              ],
              [
                -3.066043343933874,
                51.177737794832034
              ],
              [
                -3.033148970993811,
                51.32989462466602
              ],
              [
                -2.894663300904089,
                51.39384802432422
              ],
              [
                -2.750154700669104,
                51.644027315095705
              ],
              [
                -3.172751632126623,
                51.46690710635547
              ],
              [
                -3.499117579850012,
                51.45965536685352
              ],
              [
                -4.159330811890417,
                51.67681463809375
              ],
              [
                -4.998957600983434,
                51.70170172305469
              ],
              [
                -5.178603139313513,
                51.787471376375
              ],
              [
                -5.248757806214147,
                51.860213838533205
              ],
              [
                -5.06146427670365,
                52.00643499942188
              ],
              [
                -4.619082894715124,
                52.093516908601565
              ],
              [
                -4.294657674225622,
                52.200320802644534
              ],
              [
                -4.123608317765051,
                52.37326391787891
              ],
              [
                -4.093874898346716,
                52.74550970645313
              ],
              [
                -4.147546019944006,
                52.83189734073047
              ],
              [
                -4.62135025540238,
                52.83098181338672
              ],
              [
                -4.491883244904333,
                52.990977846101565
              ],
              [
                -4.317542043122106,
                53.09120901675586
              ],
              [
                -3.956724610718542,
                53.205150209382815
              ],
              [
                -2.914475407990271,
                53.26714285464649
              ],
              [
                -3.056740966233069,
                53.513614259675784
              ],
              [
                -2.979541268738562,
                53.82085379214649
              ],
              [
                -2.865320411118323,
                54.02827414126758
              ],
              [
                -2.885938134583288,
                54.16866644473438
              ],
              [
                -3.261474337967688,
                54.14118155093555
              ],
              [
                -3.479265180023962,
                54.274600587800784
              ],
              [
                -3.569233384522253,
                54.41502722354297
              ],
              [
                -3.4304058221901,
                54.64308127017383
              ],
              [
                -3.175133027434837,
                54.82219511277101
              ],
              [
                -1.551472592885132,
                54.91561515050604
              ],
              [
                -1.388892021569067,
                54.68048056216602
              ],
              [
                -1.192056861313635,
                54.595355592683596
              ],
              [
                -0.870595899018103,
                54.54716833682422
              ],
              [
                -0.295500930937582,
                54.03316839785938
              ],
              [
                -0.23488095270341,
                53.79938467593555
              ],
              [
                -0.319215585085207,
                53.57891424746875
              ],
              [
                0.081015858260339,
                53.3862262591875
              ],
              [
                0.174518886414713,
                53.29305990786914
              ],
              [
                0.267848494855112,
                53.12666281314258
              ],
              [
                0.250867608395761,
                53.04005392642383
              ],
              [
                0.005501198974794,
                52.786666475251955
              ],
              [
                0.326831850615686,
                52.707477174714846
              ]
            ]
          ],
          [
            [
              [
                47.957152399626914,
                29.94756468387012
              ],
              [
                47.91136077365035,
                29.89029272647266
              ],
              [
                47.996031794158164,
                29.490258775666994
              ],
              [
                47.844908747283164,
                29.50315435977344
              ],
              [
                47.61403945407027,
                29.272241197541994
              ],
              [
                47.80355742892379,
                29.184920869783205
              ],
              [
                47.99150756320113,
                29.277490220979494
              ],
              [
                48.129061731902304,
                29.268191896394534
              ],
              [
                48.273871491123685,
                28.886929970554853
              ],
              [
                44.47284555203297,
                29.340034319527597
              ],
              [
                42.86033948553248,
                30.987583351727405
              ],
              [
                39.342144431349574,
                31.987611883620747
              ],
              [
                37.34095616565875,
                31.512019848443217
              ],
              [
                36.4695820290377,
                29.565265499094757
              ],
              [
                36.003849686108246,
                29.28582609333708
              ],
              [
                35.07210448702926,
                29.211360536531252
              ],
              [
                35.095473322478476,
                29.342677675203127
              ],
              [
                35.073397669402304,
                29.418868623689455
              ],
              [
                34.984679255095664,
                29.467219911531252
              ],
              [
                34.76433471163863,
                29.246686540559573
              ],
              [
                34.548949274626914,
                28.731626115754885
              ],
              [
                34.32201293429488,
                27.828979097322268
              ],
              [
                34.24119857272262,
                27.758920274690432
              ],
              [
                34.05800536593551,
                27.790313325837893
              ],
              [
                33.85604384860152,
                28.024955354646487
              ],
              [
                33.50405791720504,
                28.32918318362598
              ],
              [
                33.33074096163863,
                28.551192842439455
              ],
              [
                33.178473505583945,
                28.995608888582034
              ],
              [
                32.9437818857109,
                29.198421083406252
              ],
              [
                32.64795974215621,
                29.85220106692676
              ],
              [
                32.43838027438277,
                29.7755199298418
              ],
              [
                32.31849196871871,
                29.54019697757129
              ],
              [
                32.64934447726363,
                28.76578100772266
              ],
              [
                32.93467620333785,
                28.37882574649219
              ],
              [
                33.35421660861129,
                27.9095474109209
              ],
              [
                33.5669393869316,
                27.369950853303713
              ],
              [
                33.80406478366012,
                26.93206938357715
              ],
              [
                33.92880919894332,
                26.56382330508594
              ],
              [
                34.104220423308554,
                26.354524217561526
              ],
              [
                34.51484206637496,
                25.573916994050784
              ],
              [
                35.1898641916191,
                24.399919115022463
              ],
              [
                33.657230668213316,
                24.017988632918694
              ],
              [
                33.690083292409675,
                23.54952842887194
              ],
              [
                33.3453212837093,
                23.354044941055896
              ],
              [
                32.60525827172126,
                22.815817295973687
              ],
              [
                31.999752171003777,
                22.68126038470313
              ],
              [
                31.057853792109913,
                22.68126038470313
              ],
              [
                28.40615598944454,
                27.74338300369825
              ],
              [
                26.742965374438096,
                28.574978311201477
              ],
              [
                22.307790401087573,
                29.960970490373516
              ],
              [
                21.29139613636141,
                29.960970490373516
              ],
              [
                19.351007085520557,
                29.406573618704698
              ],
              [
                18.6118112566288,
                29.406573618704698
              ],
              [
                14.453834719112688,
                31.162163712322617
              ],
              [
                9.833860788539226,
                32.91775380594053
              ],
              [
                8.63266756659013,
                34.02654754927816
              ],
              [
                7.985871216309846,
                35.50493920706167
              ],
              [
                -8.640263524445349,
                33.12173422427539
              ],
              [
                -8.31441494503861,
                33.33848150821094
              ],
              [
                -7.332620587738806,
                33.69637259097461
              ],
              [
                -7.004007783325964,
                33.874984346345705
              ],
              [
                -6.752974477204138,
                34.12335165591602
              ],
              [
                -6.511472192200475,
                34.45429953189258
              ],
              [
                -6.302049127014929,
                34.86143835635547
              ],
              [
                -5.928758588227087,
                35.72785910220508
              ],
              [
                -5.565000024231725,
                35.862342439607424
              ],
              [
                -5.479359116944128,
                35.80520590396289
              ],
              [
                -5.171789613159948,
                35.42376288028125
              ],
              [
                -4.592977490814977,
                35.151187501863284
              ],
              [
                -4.027887788208776,
                35.13323553653125
              ],
              [
                -3.440804210099036,
                35.166278444246096
              ],
              [
                -3.009028163346106,
                35.38997992129688
              ],
              [
                -2.829877105149084,
                35.14205893130664
              ],
              [
                -2.714807000550085,
                35.09774359317188
              ],
              [
                -2.355662789734656,
                35.05391653628711
              ],
              [
                -2.035251822861487,
                35.054568849519534
              ],
              [
                -1.738327947052771,
                35.11883123965625
              ],
              [
                -1.495096531304175,
                35.23390158267383
              ],
              [
                -1.329105701836401,
                35.48890646548633
              ],
              [
                -1.146667149456793,
                35.62936743350391
              ],
              [
                -0.917491999062353,
                35.66803701968555
              ],
              [
                -0.428770822080427,
                35.86006888003711
              ],
              [
                -0.282988813313299,
                35.75847586245899
              ],
              [
                -0.091654170843416,
                35.73976858706836
              ],
              [
                0.015310812202638,
                35.803668580964846
              ],
              [
                0.198671731558985,
                36.033309541658205
              ],
              [
                0.474390897360986,
                36.22496374698047
              ],
              [
                0.781242343989557,
                36.38485296817188
              ],
              [
                1.057602915373987,
                36.461856447175784
              ],
              [
                2.524363550749964,
                36.57315023990039
              ],
              [
                2.809869083968347,
                36.71390112491016
              ],
              [
                3.070006403533167,
                36.61885794253711
              ],
              [
                3.323837790099329,
                36.65123327823047
              ],
              [
                3.586873087493128,
                36.79195364566211
              ],
              [
                3.741224560347742,
                36.83686789126758
              ],
              [
                4.394624266234583,
                36.83819159121875
              ],
              [
                5.144465002623743,
                36.66767843814258
              ],
              [
                5.382732424346155,
                36.67453344912891
              ],
              [
                6.047393831816859,
                36.841556154207034
              ],
              [
                6.322870287505335,
                37.090648256257815
              ],
              [
                6.770537409392542,
                36.86214789004688
              ],
              [
                6.923042807189174,
                36.81784018130664
              ],
              [
                7.063241037932581,
                36.881854616121096
              ],
              [
                7.306981119719691,
                37.06078299136524
              ],
              [
                7.544922861663049,
                37.04214438052539
              ],
              [
                7.719043287841028,
                36.95327719302539
              ],
              [
                7.79204085787887,
                36.83235891909961
              ],
              [
                7.913174662200159,
                36.77524908633594
              ],
              [
                8.63670924624557,
                36.885257326082034
              ],
              [
                8.865518602935023,
                36.96835287661914
              ],
              [
                9.15028003176803,
                37.17287405581836
              ],
              [
                9.416118654814905,
                37.27537878604297
              ],
              [
                9.73219970187301,
                37.28239782901172
              ],
              [
                10.021354708281702,
                37.20013388247852
              ],
              [
                10.132734331694788,
                37.104747377351565
              ],
              [
                10.271508249846644,
                36.754554353669924
              ],
              [
                10.392797503081507,
                36.716571412996096
              ],
              [
                10.580582651702112,
                36.79342230410938
              ],
              [
                10.843251261321253,
                36.99148901553516
              ],
              [
                11.02375701388473,
                37.06832464785938
              ],
              [
                11.039403948394007,
                36.90904577823047
              ],
              [
                10.920062098113245,
                36.6539378985918
              ],
              [
                10.633412394133753,
                36.424014650300784
              ],
              [
                10.509244951811976,
                36.21355398745899
              ],
              [
                10.511460337248987,
                36.08616980166797
              ],
              [
                10.602607760039515,
                35.88894613833789
              ],
              [
                10.830826792327112,
                35.679278932527346
              ],
              [
                10.988951716033167,
                35.622298799470705
              ],
              [
                11.125108751860804,
                35.2406078204668
              ],
              [
                10.839357409087366,
                34.8011546954668
              ],
              [
                10.574025187102503,
                34.648109041169924
              ],
              [
                10.11642173251266,
                34.234168611482424
              ],
              [
                10.019480738249964,
                34.08147390933399
              ],
              [
                10.148656878081507,
                33.87839850039844
              ],
              [
                10.412600550261683,
                33.63112600894336
              ],
              [
                10.650217089263148,
                33.49818380923633
              ],
              [
                10.778140101042933,
                33.473033510164065
              ],
              [
                10.956539187041468,
                33.575057588533205
              ],
              [
                11.099118265715784,
                33.53722723575
              ],
              [
                11.208920511809534,
                33.25152166934375
              ],
              [
                12.117019686309046,
                32.87850149722461
              ],
              [
                12.56475642642135,
                32.73963888736133
              ],
              [
                12.79886344393844,
                32.733768068269534
              ],
              [
                13.187125238982386,
                32.791759096101565
              ],
              [
                14.157023462859339,
                32.67937811465625
              ],
              [
                14.433427843657679,
                32.46390875430469
              ],
              [
                14.790810618010706,
                32.362994752839846
              ],
              [
                15.009786638823694,
                32.363441072419924
              ],
              [
                15.163704905120081,
                32.27480658145313
              ],
              [
                15.241435083953089,
                32.17330130191211
              ],
              [
                15.358129534331507,
                31.805022798494143
              ],
              [
                15.53340819796676,
                31.55121573062305
              ],
              [
                15.843325647917933,
                31.285003267244143
              ],
              [
                16.31838706454391,
                31.165261827424807
              ],
              [
                16.78251937350387,
                31.128097139314455
              ],
              [
                17.421629938689417,
                30.99598654361133
              ],
              [
                17.957158121672816,
                30.768363557771487
              ],
              [
                18.91502669772262,
                30.204860292390627
              ],
              [
                19.12453940829391,
                30.198943696931643
              ],
              [
                19.3228159280693,
                30.256539903596682
              ],
              [
                19.66391471346969,
                30.44150122256641
              ],
              [
                19.981537851897425,
                30.721730791047854
              ],
              [
                20.11676886996383,
                30.957103334382815
              ],
              [
                20.11667922457809,
                31.071467958406252
              ],
              [
                19.992096933928675,
                31.350774370149416
              ],
              [
                19.94158271273727,
                31.611169420198244
              ],
              [
                19.961470636931605,
                31.795470796541018
              ],
              [
                20.068364176360316,
                32.03713568301563
              ],
              [
                20.365721735564417,
                32.29824026675586
              ],
              [
                20.51552489718551,
                32.38751181216602
              ],
              [
                21.05449775179977,
                32.630050264314455
              ],
              [
                21.673419031706995,
                32.815589509919924
              ],
              [
                22.215989145842737,
                32.79128988833789
              ],
              [
                22.54312613925094,
                32.72207220645313
              ],
              [
                22.92284682711715,
                32.55765875430469
              ],
              [
                23.00733283480758,
                32.48158987613086
              ],
              [
                23.026656183806605,
                32.25291021914844
              ],
              [
                23.153338465300745,
                32.138812623933596
              ],
              [
                23.714034113494105,
                32.0764232501543
              ],
              [
                24.03440383395309,
                31.937314592317385
              ],
              [
                24.8158579202568,
                31.90715368838672
              ],
              [
                24.95152572116012,
                31.818492494539065
              ],
              [
                24.982237848845667,
                31.647012315706057
              ],
              [
                25.106553110686487,
                31.51384123416309
              ],
              [
                25.258229288665003,
                31.437919221833987
              ],
              [
                25.789500269499964,
                31.48984106631641
              ],
              [
                26.143334421721644,
                31.490577302888674
              ],
              [
                27.763331446257776,
                31.182614885286135
              ],
              [
                27.919449839202112,
                30.99868544192676
              ],
              [
                28.517182383147425,
                30.9617992267168
              ],
              [
                28.966422113982386,
                30.784841142610354
              ],
              [
                29.2488470407402,
                30.753661714509768
              ],
              [
                29.683102640715784,
                31.053170762971682
              ],
              [
                30.099139246550745,
                31.231925569490237
              ],
              [
                30.995955500212855,
                31.468850694612307
              ],
              [
                31.71741584262008,
                31.387752138093752
              ],
              [
                31.80812362155074,
                31.178281389192385
              ],
              [
                32.076510462371054,
                31.013650499299807
              ],
              [
                32.30937865695113,
                31.08401831241016
              ],
              [
                32.597243342009726,
                30.96390112491016
              ],
              [
                32.7687330575859,
                30.95155294986133
              ],
              [
                33.02139190158004,
                31.132072053865237
              ],
              [
                33.12956527194137,
                31.051686845735354
              ],
              [
                33.55760100802535,
                30.967715822175784
              ],
              [
                33.91696837863082,
                31.070052705720705
              ],
              [
                34.19527724703902,
                31.238141618684573
              ],
              [
                34.50065902194137,
                31.621099077180666
              ],
              [
                34.68133834323043,
                32.045978151277346
              ],
              [
                34.84289077242965,
                32.670699678376955
              ],
              [
                34.89496901949996,
                32.66283377261524
              ],
              [
                34.9565878244316,
                32.704818330720705
              ],
              [
                34.97200683077926,
                32.93840750308399
              ],
              [
                35.08897307833785,
                33.069259248689455
              ],
              [
                35.13231185397262,
                33.231517396882815
              ],
              [
                35.35608962496871,
                33.639781557039065
              ],
              [
                35.34855941256637,
                33.74446829409961
              ],
              [
                35.4298658700859,
                33.74446829409961
              ],
              [
                35.49185088595504,
                33.83082541079883
              ],
              [
                35.53208068331832,
                34.11870535464649
              ],
              [
                35.71620849093551,
                34.31236990542774
              ],
              [
                35.82100585421676,
                34.34377630801563
              ],
              [
                35.87306502780074,
                34.422286592439455
              ],
              [
                35.75075438937301,
                34.74680670352344
              ],
              [
                35.808852228728476,
                35.013797365144534
              ],
              [
                35.84138015231246,
                35.04263266177539
              ],
              [
                35.7964315744316,
                35.27071722598438
              ],
              [
                35.607340845671835,
                35.417544923738284
              ],
              [
                35.66395858248824,
                35.45949514956836
              ],
              [
                35.73317626437301,
                35.58536108584766
              ],
              [
                35.69143203219527,
                35.68502005191211
              ],
              [
                35.73950484713668,
                35.690265260652346
              ],
              [
                35.85594466647262,
                35.83450277896289
              ],
              [
                35.718504938689414,
                36.091556154207034
              ],
              [
                35.66494658908004,
                36.133529268220705
              ],
              [
                35.708632502165976,
                36.21223410220508
              ],
              [
                35.817240748015585,
                36.301028810457034
              ],
              [
                36.09526351412887,
                36.48246344180469
              ],
              [
                36.082430872527304,
                36.621532045320315
              ],
              [
                35.956793818083945,
                36.74749334903125
              ],
              [
                35.890875849333945,
                36.7711139545
              ],
              [
                35.67174056491012,
                36.605784975007815
              ],
              [
                35.506171259490195,
                36.55855520816211
              ],
              [
                35.54760268649215,
                36.54018362613086
              ],
              [
                35.49458983859176,
                36.443099580720705
              ],
              [
                35.38869765719527,
                36.45359381289844
              ],
              [
                35.35417846163863,
                36.41423758120899
              ],
              [
                35.220526728240195,
                36.388003908113284
              ],
              [
                35.07137206515426,
                36.487708650544924
              ],
              [
                34.66238311251754,
                36.64777334781055
              ],
              [
                34.48512938937301,
                36.626781068757815
              ],
              [
                33.95171264132613,
                36.25157888980274
              ],
              [
                33.954054865447226,
                36.15975912661914
              ],
              [
                33.835875544158164,
                36.107295595125
              ],
              [
                33.83369735201949,
                36.07057150454883
              ],
              [
                33.75317672213668,
                36.14664038272266
              ],
              [
                33.17133620699997,
                35.97088202090625
              ],
              [
                32.64034179171676,
                36.007999025300784
              ],
              [
                32.33497909030074,
                36.128367982820315
              ],
              [
                31.90200713595504,
                36.496863923982424
              ],
              [
                31.370690378752894,
                36.712344728425784
              ],
              [
                30.905310663787073,
                36.79421576114063
              ],
              [
                30.593590769377894,
                36.76173361392383
              ],
              [
                30.54006675204391,
                36.64696081729297
              ],
              [
                30.47283271273727,
                36.18825491519336
              ],
              [
                30.394862207976526,
                36.118045412019534
              ],
              [
                30.279892954436487,
                36.1178050860918
              ],
              [
                30.16613105258102,
                36.18761786075
              ],
              [
                29.661955866423792,
                36.078345857576174
              ],
              [
                29.47193244418258,
                36.090694032625
              ],
              [
                29.298188242522425,
                36.17311819644336
              ],
              [
                29.00225165804977,
                36.69479712100391
              ],
              [
                28.813527140227503,
                36.53515585513477
              ],
              [
                28.469845804778284,
                36.73830755801563
              ],
              [
                28.266922983733362,
                36.7124095782793
              ],
              [
                28.014189753142542,
                36.527164064363284
              ],
              [
                27.911902460662073,
                36.69894369693164
              ],
              [
                27.94185546359176,
                36.75633963199024
              ],
              [
                28.05103972872848,
                36.8330150470293
              ],
              [
                27.998808893767542,
                36.909366212800784
              ],
              [
                27.308110270110316,
                36.92070730777149
              ],
              [
                27.26863006075973,
                37.04168280215625
              ],
              [
                27.525639566985316,
                37.131412111238284
              ],
              [
                27.492524180022425,
                37.23967321963672
              ],
              [
                27.36463263949508,
                37.328631959871096
              ],
              [
                27.16040709933395,
                37.36008032412891
              ],
              [
                27.122561487761683,
                37.49385031314258
              ],
              [
                27.17978385409469,
                37.77442892642383
              ],
              [
                27.139773401824183,
                37.88909109683399
              ],
              [
                26.961377176848597,
                37.94610556216602
              ],
              [
                26.679331812468714,
                38.104938112214846
              ],
              [
                26.512320551482386,
                38.066348634675784
              ],
              [
                26.393214258757776,
                38.10436209292774
              ],
              [
                26.391598734465784,
                38.219127260164065
              ],
              [
                26.46871093234176,
                38.44475897403125
              ],
              [
                26.742451700774378,
                38.27838858218555
              ],
              [
                26.99743178805465,
                38.40005835147266
              ],
              [
                26.819674524871058,
                38.52725180240039
              ],
              [
                26.828822168914026,
                38.58296164126758
              ],
              [
                26.695696863738245,
                38.640765748933596
              ],
              [
                26.709471735564417,
                38.69857367129688
              ],
              [
                26.966380152312464,
                38.76993139834766
              ],
              [
                27.03491309603805,
                38.82109793277149
              ],
              [
                27.00422004183883,
                38.88482626529102
              ],
              [
                26.93680289706344,
                38.924563966707034
              ],
              [
                26.785336527434534,
                38.94033392520313
              ],
              [
                26.789847406951136,
                39.024425111726565
              ],
              [
                26.870751413909144,
                39.05596884341602
              ],
              [
                26.707943949309534,
                39.18212851138477
              ],
              [
                26.70405486544723,
                39.250472627595705
              ],
              [
                26.60224250277633,
                39.25572928042774
              ],
              [
                26.853512796965784,
                39.46076925845508
              ],
              [
                26.926152262297816,
                39.476546846345705
              ],
              [
                26.957518610564417,
                39.54832800479297
              ],
              [
                26.804265055266566,
                39.56715353579883
              ],
              [
                26.138976130095667,
                39.43973883242969
              ],
              [
                26.064057383147425,
                39.45551260562305
              ],
              [
                26.08488753756637,
                39.604007326082034
              ],
              [
                26.141903910247034,
                39.66058310122852
              ],
              [
                26.127575907317347,
                39.878558717683596
              ],
              [
                26.18600944003219,
                39.997195802644534
              ],
              [
                26.32033446749801,
                39.99192389102344
              ],
              [
                26.403052363005823,
                40.176490388826174
              ],
              [
                26.48171142062301,
                40.18703802676563
              ],
              [
                26.765282663909144,
                40.37694128604297
              ],
              [
                26.99647429904098,
                40.371661745027346
              ],
              [
                27.056124720183558,
                40.4296947345293
              ],
              [
                27.271754297820276,
                40.450809083894534
              ],
              [
                27.329234156218714,
                40.35583456607227
              ],
              [
                27.52599433383102,
                40.297137819246096
              ],
              [
                27.763894114104456,
                40.28725393863086
              ],
              [
                27.830164942351526,
                40.34528311343555
              ],
              [
                27.799843821135706,
                40.40331991763477
              ],
              [
                27.67928794345016,
                40.46135290713672
              ],
              [
                27.807831797209925,
                40.50357016177539
              ],
              [
                27.95380500277633,
                40.48773916812305
              ],
              [
                28.006459269133753,
                40.450809083894534
              ],
              [
                27.90821746310348,
                40.35055502505664
              ],
              [
                28.477719339934534,
                40.39510305972461
              ],
              [
                29.0524244638359,
                40.33473166079883
              ],
              [
                29.122286829558558,
                40.41387137027149
              ],
              [
                29.083527597991175,
                40.45607718081836
              ],
              [
                28.873215708342737,
                40.471908174470705
              ],
              [
                28.777958902922816,
                40.524676881746096
              ],
              [
                28.901621851531214,
                40.62010534854297
              ],
              [
                29.713147196379847,
                40.693561159089846
              ],
              [
                29.88271811923141,
                40.746356569246096
              ],
              [
                29.320355448332972,
                40.741073213533205
              ],
              [
                29.289643320647425,
                40.806686006501955
              ],
              [
                29.01453307589645,
                40.97867163272266
              ],
              [
                29.16120818575973,
                41.21636541934375
              ],
              [
                29.57778075656051,
                41.153365694001955
              ],
              [
                30.137623819915003,
                41.13183554263477
              ],
              [
                30.256087336150355,
                41.18466528506641
              ],
              [
                30.74480536898727,
                41.04032476992969
              ],
              [
                31.217682871428675,
                41.05409201236133
              ],
              [
                31.404126200286097,
                41.16353949160938
              ],
              [
                31.385666880217737,
                41.2850414142168
              ],
              [
                32.41898253878707,
                41.74916800113086
              ],
              [
                32.6879110666191,
                41.84597357364063
              ],
              [
                33.155463251677695,
                41.94960745425586
              ],
              [
                33.555541071501914,
                41.982501588777346
              ],
              [
                34.662909540740195,
                41.87558325381641
              ],
              [
                35.00186828097457,
                42.043162904695315
              ],
              [
                35.098830256072226,
                41.80586203189258
              ],
              [
                35.28607467135543,
                41.67147787661914
              ],
              [
                35.411437067595664,
                41.626815401033205
              ],
              [
                35.677855524626914,
                41.62093313784961
              ],
              [
                35.95779326876754,
                41.685645662263674
              ],
              [
                36.16136840304488,
                41.35250052066211
              ],
              [
                36.38289550265426,
                41.23751791568164
              ],
              [
                36.64124587496871,
                41.31498297305469
              ],
              [
                36.81701186617965,
                41.289683900789065
              ],
              [
                37.25282576998824,
                41.027721010164065
              ],
              [
                37.82184127291793,
                41.00963171573047
              ],
              [
                38.313963923064414,
                40.920901857332034
              ],
              [
                38.651183161345664,
                40.92156942935352
              ],
              [
                39.138644251433554,
                41.0443187579668
              ],
              [
                39.370177301970664,
                41.06399878116016
              ],
              [
                40.006712946501914,
                40.95632895083789
              ],
              [
                40.36101439913863,
                40.963443361238284
              ],
              [
                40.60989287814254,
                41.028026185945315
              ],
              [
                41.29311660250777,
                41.28582342715625
              ],
              [
                41.52111342867965,
                41.46583517642383
              ],
              [
                41.68046859225387,
                41.793338380769534
              ],
              [
                41.96331871664975,
                41.81310359426277
              ],
              [
                41.79914675231291,
                40.39917609426979
              ],
              [
                41.67774342306841,
                38.50896132440348
              ],
              [
                44.611657213144255,
                38.00051774803545
              ],
              [
                45.42814213874931,
                38.04348198685338
              ],
              [
                43.091885724812094,
                35.388057050617775
              ],
              [
                43.64602721414321,
                32.47543763968794
              ],
              [
                48.085022700126686,
                29.965384543235604
              ],
              [
                47.957152399626914,
                29.94756468387012
              ]
            ]
          ]
        ]
      }
    },
    {
      "type": "Feature",
      "properties": {
        "id": "ancient_egypt",
        "name": "Ancient Egypt"
      },
      "geometry": {
        "type": "MultiPolygon",
        "coordinates": [
          [
            [
              [
                32.647959742052805,
                29.85220106716814
              ],
              [
                32.43838027427937,
                29.775519930083178
              ],
              [
                32.318491968615305,
                29.54019697781267
              ],
              [
                33.41938281716004,
                26.279627019384403
              ],
              [
                33.737255442084205,
                24.49954031980903
              ],
              [
                33.3453212836059,
                23.354044941297275
              ],
              [
                32.605258271617856,
                22.815817296215066
              ],
              [
                31.99975217090037,
                22.68126038494451
              ],
              [
                31.0578537920065,
                22.68126038494451
              ],
              [
                30.68567824281214,
                23.48234792005167
              ],
              [
                30.622103717827304,
                25.19886009464221
              ],
              [
                30.939976342751482,
                25.96175439446023
              ],
              [
                30.74925276779698,
                26.724648694278244
              ],
              [
                30.049932992963793,
                27.99613919397494
              ],
              [
                29.85920941800929,
                29.649076843580644
              ],
              [
                29.359381708605536,
                30.81107100125017
              ],
              [
                29.683102640612372,
                31.05317076321306
              ],
              [
                30.099139246447333,
                31.231925569731615
              ],
              [
                30.995955500109442,
                31.468850694853685
              ],
              [
                31.71741584251667,
                31.38775213833513
              ],
              [
                31.808123621447333,
                31.178281389433764
              ],
              [
                32.07651046226765,
                31.013650499541185
              ],
              [
                32.30937865684773,
                31.084018312651537
              ],
              [
                32.59724334190632,
                30.963901125151537
              ],
              [
                32.76873305748249,
                30.95155295010271
              ],
              [
                33.02139190147663,
                31.132072054106615
              ],
              [
                33.12956527183796,
                31.051686845976732
              ],
              [
                33.557601007921946,
                30.967715822417162
              ],
              [
                32.647959742052805,
                29.85220106716814
              ]
            ]
          ]
        ]
      }
    },
    {
      "type": "Feature",
      "properties": {
        "id": "ancient_greece",
        "name": "Ancient Greece"
      },
      "geometry": {
        "type": "MultiPolygon",
        "coordinates": [
          [
            [
              [
                14.6220226616695,
                36.776141725737475
              ],
              [
                14.215912851794013,
                37.04932364102068
              ],
              [
                13.608286964560348,
                37.26865107158347
              ],
              [
                13.809530291064032,
                37.966415010649584
              ],
              [
                14.134472879870184,
                37.97345312710466
              ],
              [
                14.765865358813056,
                38.05761297817888
              ],
              [
                15.386741671068915,
                38.20554693813982
              ],
              [
                15.453687700732,
                38.16741522427263
              ],
              [
                15.47289279411579,
                38.11005743618669
              ],
              [
                15.181032213671454,
                37.68228109951677
              ],
              [
                15.112180742724188,
                37.4590335714406
              ],
              [
                15.116248163683661,
                37.286944948393725
              ],
              [
                15.30134681175495,
                37.0578990804738
              ],
              [
                15.22063163231159,
                37.00037726040544
              ],
              [
                15.027343782885321,
                36.745116792876146
              ],
              [
                14.6220226616695,
                36.776141725737475
              ]
            ]
          ],
          [
            [
              [
                16.945963892443427,
                41.09381445522966
              ],
              [
                18.033919367296942,
                40.59665258999529
              ],
              [
                18.059941324694403,
                40.513534151274584
              ],
              [
                18.383612665636786,
                40.30775030728044
              ],
              [
                18.522648844225653,
                40.09413107510271
              ],
              [
                18.36491874168659,
                39.746722780424975
              ],
              [
                18.017067942126044,
                39.947894655424975
              ],
              [
                17.967745813830145,
                40.16689261074724
              ],
              [
                17.84960463951374,
                40.243495546538256
              ],
              [
                17.401650461657294,
                40.29192694302263
              ],
              [
                17.20417121361042,
                40.397941194731615
              ],
              [
                17.242802652819403,
                40.49576147671404
              ],
              [
                17.084080728991278,
                40.525111757475756
              ],
              [
                16.94871238182331,
                40.48109015103044
              ],
              [
                16.727564844591864,
                40.18360479946794
              ],
              [
                16.60441306541706,
                40.08990820522966
              ],
              [
                16.623852762682684,
                39.96775396938982
              ],
              [
                16.535006556017645,
                39.83156546230974
              ],
              [
                16.532101664049872,
                39.69751318569841
              ],
              [
                17.1490698189571,
                39.4218021261281
              ],
              [
                17.107419046862372,
                39.28047140713396
              ],
              [
                17.120997461779364,
                39.08602102871599
              ],
              [
                17.180712732775458,
                39.022208772856615
              ],
              [
                17.09468940208698,
                38.915023409087084
              ],
              [
                16.797699961169013,
                38.92585714932146
              ],
              [
                16.613329920275458,
                38.82732733364763
              ],
              [
                16.522202524645575,
                38.7250247823781
              ],
              [
                16.572001490099677,
                38.457118593413256
              ],
              [
                16.330693277819403,
                38.32074316616716
              ],
              [
                16.052943262560614,
                37.93117483730974
              ],
              [
                15.785237345202216,
                37.9097057210988
              ],
              [
                15.627475771410712,
                38.004211031157396
              ],
              [
                15.626577410204657,
                38.2330814230031
              ],
              [
                15.790868792040595,
                38.29639776821794
              ],
              [
                15.933466944201239,
                38.539916597563646
              ],
              [
                15.82730010460163,
                38.622733675200365
              ],
              [
                15.989846262438544,
                38.73476370449724
              ],
              [
                16.152209314806708,
                38.70126684780779
              ],
              [
                16.212225946886786,
                38.777953706938646
              ],
              [
                16.17720893333698,
                38.93099173184099
              ],
              [
                16.08256247947956,
                39.01247366543474
              ],
              [
                15.98955253074909,
                39.42835196133318
              ],
              [
                15.824671778185614,
                39.660628877837084
              ],
              [
                15.75702193687702,
                39.93362768765154
              ],
              [
                15.666200670702704,
                40.09186133022966
              ],
              [
                15.515924486620673,
                40.06594809170427
              ],
              [
                15.43203357170368,
                39.988971315581225
              ],
              [
                15.027263674242743,
                40.2121959554738
              ],
              [
                14.89867118309284,
                40.24145849819841
              ],
              [
                15.47231799693428,
                40.79475776937596
              ],
              [
                15.572007738748166,
                40.74670834022802
              ],
              [
                16.150591189533106,
                41.00522058395495
              ],
              [
                15.964493818313507,
                41.05875768522296
              ],
              [
                16.420268091662177,
                41.2787242757863
              ],
              [
                16.945963892443427,
                41.09381445522966
              ]
            ]
          ]
        ]
      }
    },
    {
      "type": "Feature",
      "properties": {
        "id": "maya",
        "name": "Maya"
      },
      "geometry": {
        "type": "MultiPolygon",
        "coordinates": [
          [
            [
              [
                -90.79754166415462,
                19.24863406257262
              ],
              [
                -90.66564246448729,
                19.767563739673232
              ],
              [
                -90.44198729983403,
                19.95094950855333
              ],
              [
                -90.49933477795025,
                20.526678986207695
              ],
              [
                -90.3043533523551,
                21.052090551567137
              ],
              [
                -90,
                21.141408525422854
              ],
              [
                -89.86282822181438,
                21.249875627715014
              ],
              [
                -89.05808731605266,
                21.397792421538256
              ],
              [
                -88.6010636954472,
                21.564044557768725
              ],
              [
                -88.33372208167766,
                21.59004171963396
              ],
              [
                -87.59693619300579,
                21.48353727932634
              ],
              [
                -87.37093063880657,
                21.570655428130053
              ],
              [
                -87.20057388831829,
                21.528873048979662
              ],
              [
                -86.92158981849407,
                21.30062636013689
              ],
              [
                -86.9002351432011,
                21.167178713042162
              ],
              [
                -86.93589493324016,
                20.976399980742357
              ],
              [
                -87.06995865394329,
                20.80448492642107
              ],
              [
                -87.5081452994511,
                20.39022787686052
              ],
              [
                -87.65071579505657,
                20.18991049404802
              ],
              [
                -87.65972610999798,
                19.87513693447771
              ],
              [
                -87.85821243812298,
                19.58231123562517
              ],
              [
                -87.78857895423626,
                19.512536607939623
              ],
              [
                -87.63708969642376,
                19.57466276760759
              ],
              [
                -87.87709518958782,
                18.380864702422045
              ],
              [
                -88.03013321449016,
                18.621284090239428
              ],
              [
                -88.13767715980266,
                18.894399248320482
              ],
              [
                -88.31140610267376,
                18.74146994229021
              ],
              [
                -88.32046219398235,
                18.49439962979021
              ],
              [
                -88.39922043372844,
                18.309028230864428
              ],
              [
                -88.12371536781048,
                18.387090288359545
              ],
              [
                -88.11193558265423,
                18.193929277617357
              ],
              [
                -88.30037399818157,
                17.635434709746264
              ],
              [
                -88.22047897865032,
                17.51429136868181
              ],
              [
                -88.32700821449016,
                17.15658339138689
              ],
              [
                -88.24188705970501,
                17.01350363369646
              ],
              [
                -88.28342911292766,
                16.83465155239763
              ],
              [
                -88.44453903724407,
                16.44117697354021
              ],
              [
                -88.57977005531048,
                16.283786379057787
              ],
              [
                -88.74182602454876,
                16.26947935696306
              ],
              [
                -88.76614853431438,
                16.140704714018725
              ],
              [
                -88.94081589271282,
                16.033393465239428
              ],
              [
                -88.94077774574016,
                15.904618822295092
              ],
              [
                -88.80428024818157,
                15.861696802336596
              ],
              [
                -88.66434189368938,
                15.725766740996264
              ],
              [
                -88.60139175941204,
                15.81161745663347
              ],
              [
                -88.63129898597454,
                15.983316026884935
              ],
              [
                -88.48015305091594,
                15.912461839873217
              ],
              [
                -88.27393051673626,
                15.747230135161303
              ],
              [
                -88.13347336341594,
                15.760648332793139
              ],
              [
                -87.8581437735722,
                15.882015787321947
              ],
              [
                -87.57061478187298,
                15.908048235136889
              ],
              [
                -88.24292813890945,
                14.835837236778428
              ],
              [
                -90,
                13.752979928891033
              ],
              [
                -90,
                13.937248789030932
              ],
              [
                -91.2420320182011,
                13.951556764799975
              ],
              [
                -91.5157136588261,
                14.058868013579271
              ],
              [
                -92.47207352210735,
                14.792342745024584
              ],
              [
                -92.90052506019329,
                15.191875063139818
              ],
              [
                -93.58785745357416,
                15.741059799706633
              ],
              [
                -94.24197098304485,
                18.240150057036303
              ],
              [
                -93.08748337318157,
                18.554090105254076
              ],
              [
                -92.09788223792766,
                18.759616457182787
              ],
              [
                -92.1070222525761,
                18.515859209257982
              ],
              [
                -91.72974106361126,
                18.415704332548998
              ],
              [
                -91.47900101234173,
                18.633794389922045
              ],
              [
                -91.52561661292766,
                18.7447944509572
              ],
              [
                -91.7024812369511,
                18.823484026152514
              ],
              [
                -91.21970078040813,
                19.102496706206225
              ],
              [
                -90.79754166415462,
                19.24863406257262
              ]
            ]
          ]
        ]
      }
    },
    {
      "type": "Feature",
      "properties": {
        "id": "aztec",
        "name": "Aztec Empire"
      },
      "geometry": {
        "type": "MultiPolygon",
        "coordinates": [
          [
            [
              [
                -98.14564987698438,
                16.172238908723635
              ],
              [
                -98.85616013089063,
                16.596610628083987
              ],
              [
                -99.20922562161329,
                16.716630540803713
              ],
              [
                -99.97906967678907,
                16.892968736604494
              ],
              [
                -101.2207765249336,
                17.41792257876758
              ],
              [
                -101.48717972317579,
                17.57628210635547
              ],
              [
                -101.9926042226875,
                18.02653082461719
              ],
              [
                -102.08551498928907,
                18.0581127032793
              ],
              [
                -102.3583268789375,
                18.0321117267168
              ],
              [
                -102.66820236721875,
                18.09501799197559
              ],
              [
                -103.49393936673047,
                18.353892885164065
              ],
              [
                -103.74825760403516,
                18.594913087800784
              ],
              [
                -103.97491165676954,
                18.880490861848635
              ],
              [
                -104.19729324856641,
                19.05801161380176
              ],
              [
                -104.94791122952344,
                19.43783911319141
              ],
              [
                -105.17298599758985,
                19.659867845491213
              ],
              [
                -105.50686356106641,
                20.10414846988086
              ],
              [
                -103.1013462123626,
                19.839782704234725
              ],
              [
                -100.90463319722632,
                18.78918082743042
              ],
              [
                -100.90463319722632,
                19.6487641811794
              ],
              [
                -99.94954058194966,
                19.839782704234725
              ],
              [
                -99.94954058194966,
                22.896079073119992
              ],
              [
                -97.88202377835157,
                22.33262213321094
              ],
              [
                -97.50419327298047,
                21.189153276399416
              ],
              [
                -97.22339340725782,
                20.763837419465823
              ],
              [
                -96.88145157376172,
                20.357709489778323
              ],
              [
                -96.79518600979688,
                20.15447386355762
              ],
              [
                -96.57883926907422,
                19.919734559968752
              ],
              [
                -96.01226517239454,
                18.929256044343752
              ],
              [
                -95.84385391751172,
                18.796125017122073
              ],
              [
                -95.34308334866407,
                18.77176245303516
              ],
              [
                -95.08328720608594,
                18.702395997957034
              ],
              [
                -94.81647202053907,
                18.49954756350879
              ],
              [
                -94.58994003811719,
                18.271188341096682
              ],
              [
                -94.24197098294141,
                18.240150056794924
              ],
              [
                -93.78490158596875,
                18.349187456086916
              ],
              [
                -93.74143858265148,
                17.165523381460122
              ],
              [
                -94.12347562876214,
                16.87899559687713
              ],
              [
                -95.17407750556644,
                16.974504858404796
              ],
              [
                -97.08426273611974,
                17.643069689098446
              ],
              [
                -97.65731830528573,
                17.26103264298779
              ],
              [
                -98.14564987698438,
                16.172238908723635
              ]
            ]
          ]
        ]
      }
    },
    {
      "type": "Feature",
      "properties": {
        "id": "inca",
        "name": "Inca Empire"
      },
      "geometry": {
        "type": "MultiPolygon",
        "coordinates": [
          [
            [
              [
                -71.44536301175,
                -32.54304925350781
              ],
              [
                -71.65150162258985,
                -31.241445936247068
              ],
              [
                -71.69539352932813,
                -30.85409013180371
              ],
              [
                -71.68157669583204,
                -30.60000077633496
              ],
              [
                -71.32951065579297,
                -30.10385362057324
              ],
              [
                -71.23666092434766,
                -29.849592603727537
              ],
              [
                -71.23363968411329,
                -29.519295133634763
              ],
              [
                -71.38621231594922,
                -29.28459206966992
              ],
              [
                -71.43014999905469,
                -29.100479520841795
              ],
              [
                -71.14201065579297,
                -27.994638837858396
              ],
              [
                -70.93462082425,
                -27.727417387052732
              ],
              [
                -70.74798294583204,
                -26.875851072355466
              ],
              [
                -70.65462967434766,
                -26.259478010221677
              ],
              [
                -70.68299576321485,
                -25.77041283993359
              ],
              [
                -70.49319168606641,
                -25.471443571134763
              ],
              [
                -70.3981446889961,
                -25.24891320614453
              ],
              [
                -70.49769302883985,
                -24.829849638029295
              ],
              [
                -70.51942917385938,
                -24.455095686002927
              ],
              [
                -70.45283981839063,
                -24.34695664791699
              ],
              [
                -70.46275040188672,
                -23.934050001188474
              ],
              [
                -70.35946365872266,
                -23.660654462858396
              ],
              [
                -70.41524979153516,
                -23.527374662443357
              ],
              [
                -70.5796403555,
                -23.489599622770506
              ],
              [
                -70.55272385159375,
                -23.343433774992185
              ],
              [
                -70.57323929348829,
                -23.16559449581738
              ],
              [
                -70.4730729726875,
                -23.07644311337109
              ],
              [
                -70.29201218167188,
                -22.987125791593748
              ],
              [
                -70.23022934475782,
                -22.796404279752927
              ],
              [
                -70.23394485989454,
                -22.42795030026074
              ],
              [
                -70.11063095608594,
                -21.74793664364453
              ],
              [
                -70.11244675198438,
                -20.6933521404707
              ],
              [
                -70.18984695950391,
                -19.75962869076367
              ],
              [
                -70.20851608792188,
                -19.06719819454785
              ],
              [
                -70.29601761380079,
                -18.629028715177732
              ],
              [
                -70.4539308218086,
                -18.2227768078291
              ],
              [
                -70.58412643948438,
                -18.083280958219724
              ],
              [
                -71.2240495351875,
                -17.805118955656248
              ],
              [
                -71.36520096341016,
                -17.69742051510449
              ],
              [
                -71.47015854397657,
                -17.392696775480466
              ],
              [
                -71.611866918,
                -17.22145501522656
              ],
              [
                -71.86322495022657,
                -17.120342649503904
              ],
              [
                -73.28297897854688,
                -16.367351926847654
              ],
              [
                -74.04964157620313,
                -16.044990934416013
              ],
              [
                -75.2309083608711,
                -15.221601881071287
              ],
              [
                -75.78529068508985,
                -14.727239049955564
              ],
              [
                -76.05259415188672,
                -14.410147108122068
              ],
              [
                -76.24178024807813,
                -14.105595983549314
              ],
              [
                -76.23803421536329,
                -13.502021230741697
              ],
              [
                -76.359181371125,
                -13.229079641386228
              ],
              [
                -76.71058365383985,
                -12.759679235502439
              ],
              [
                -77.33550735989454,
                -11.509389318510252
              ],
              [
                -77.4639405874336,
                -11.388950742765623
              ],
              [
                -77.70724960842969,
                -11.256047643705564
              ],
              [
                -77.69160934964063,
                -10.836669363065916
              ],
              [
                -77.75874802151563,
                -10.65892068295117
              ],
              [
                -79.06024643460157,
                -8.215522207304197
              ],
              [
                -79.79706284085157,
                -7.194126524015623
              ],
              [
                -80.06590744534375,
                -6.756278909727293
              ],
              [
                -80.27396866360547,
                -6.566111959501463
              ],
              [
                -80.61159225979688,
                -6.369872011228757
              ],
              [
                -81.02270218411329,
                -6.205557741209226
              ],
              [
                -81.29700943508985,
                -6.040935911222654
              ],
              [
                -81.16232010403516,
                -5.913574136778074
              ],
              [
                -80.88809677639844,
                -5.90026942638989
              ],
              [
                -80.82338425198438,
                -5.715860761686521
              ],
              [
                -80.87624832669141,
                -5.588887132688718
              ],
              [
                -81.30149551907422,
                -4.998885549589353
              ],
              [
                -81.41761490383985,
                -4.675080694242673
              ],
              [
                -81.41332718411329,
                -4.567058004423338
              ],
              [
                -81.30361649075391,
                -4.331714548155027
              ],
              [
                -81.04177567044141,
                -4.051563180967527
              ],
              [
                -80.58289810696485,
                -3.656617797895628
              ],
              [
                -80.37157150784375,
                -3.567196287199216
              ],
              [
                -80.14415451565625,
                -3.414210237547117
              ],
              [
                -80.02521225491407,
                -3.274164356275755
              ],
              [
                -79.76177689114454,
                -2.797014869734006
              ],
              [
                -79.74477097073438,
                -2.676250852628904
              ],
              [
                -79.83896347561719,
                -2.346026577039915
              ],
              [
                -79.81301590481641,
                -2.170478500410276
              ],
              [
                -80.02785965481641,
                -2.448112644239622
              ],
              [
                -80.35725876370313,
                -2.728416360899168
              ],
              [
                -80.50732895413282,
                -2.684253610655027
              ],
              [
                -80.77762314358594,
                -2.538698591276365
              ],
              [
                -80.96104904690625,
                -2.354813732191282
              ],
              [
                -80.78616043606641,
                -2.22734371571179
              ],
              [
                -80.74118515530469,
                -2.119224466367918
              ],
              [
                -80.81634232083204,
                -1.858862794920164
              ],
              [
                -80.81377884426954,
                -1.661865867658811
              ],
              [
                -80.75389572659375,
                -1.452044643446165
              ],
              [
                -80.96610733548047,
                -1.033107079549985
              ],
              [
                -80.87936111966016,
                -0.956666149183469
              ],
              [
                -80.66320511380079,
                -0.86723629383679
              ],
              [
                -80.33884903469922,
                -0.66318116335507
              ],
              [
                -80.48226639309766,
                -0.485572792574125
              ],
              [
                -80.48215958157422,
                -0.383899874969678
              ],
              [
                -80.403126683625,
                -0.224856026455122
              ],
              [
                -80.1089601186836,
                0.049028903261465
              ],
              [
                -80.04623886624219,
                0.430440627054018
              ],
              [
                -80.13487717190625,
                0.716208599523348
              ],
              [
                -80.08556076565625,
                0.817998133615298
              ],
              [
                -79.77687546292188,
                0.863141022638125
              ],
              [
                -78.9585049547475,
                0.416482967435748
              ],
              [
                -78.4051488575519,
                -0.321325162158395
              ],
              [
                -78.77405292234894,
                -2.165845486143716
              ],
              [
                -78.77405292234894,
                -3.641461745331988
              ],
              [
                -77.91501584604785,
                -4.193517981858475
              ],
              [
                -77.88516689942037,
                -6.977321235497577
              ],
              [
                -74.34720414478414,
                -12.126255235664509
              ],
              [
                -68.62919114042963,
                -13.048515397657177
              ],
              [
                -67.15357488124135,
                -14.708583689243973
              ],
              [
                -66.04686268685016,
                -16.55310401322931
              ],
              [
                -65.49350658965456,
                -19.135432466808773
              ],
              [
                -67.15357488124135,
                -25.22234953596037
              ],
              [
                -68.26028707563256,
                -28.542486119133965
              ],
              [
                -68.44473910803109,
                -30.9403625403149
              ],
              [
                -69.36699927002375,
                -32.6004308319017
              ],
              [
                -69.36699927002375,
                -34.44495115588703
              ],
              [
                -70.28925943201642,
                -36.47392351227089
              ],
              [
                -71.02706756161055,
                -37.21173164186502
              ],
              [
                -73.27789017239454,
                -37.283462919279295
              ],
              [
                -73.14423080960157,
                -37.15579644589062
              ],
              [
                -72.95995804348829,
                -36.575889982267576
              ],
              [
                -72.8463639883125,
                -36.35919991879101
              ],
              [
                -72.62884995022657,
                -35.645878233
              ],
              [
                -72.33002182522657,
                -35.282581724210935
              ],
              [
                -72.16658493557813,
                -34.957909025236326
              ],
              [
                -71.96271225491407,
                -34.24619332699414
              ],
              [
                -71.82275864163282,
                -33.934708036466795
              ],
              [
                -71.73862167874219,
                -33.87738076595898
              ],
              [
                -71.61574265042188,
                -33.70565453915234
              ],
              [
                -71.60992142239454,
                -33.57227746395703
              ],
              [
                -71.75040146389844,
                -33.191490568205076
              ],
              [
                -71.71336838284375,
                -33.108848966642576
              ],
              [
                -71.50858017483594,
                -32.90518990902539
              ],
              [
                -71.41605087796094,
                -32.752567686125
              ],
              [
                -71.40336319485547,
                -32.64457742123242
              ],
              [
                -71.44536301175,
                -32.54304925350781
              ]
            ]
          ]
        ]
      }
    },
    {
      "type": "Feature",
      "properties": {
        "id": "persian_empire",
        "name": "Persian Empire"
      },
      "geometry": {
        "type": "MultiPolygon",
        "coordinates": [
          [
            [
              [
                72.63367856144198,
                34.59058535522755
              ],
              [
                71.41216347807348,
                34.57262669379129
              ],
              [
                70.61902177703784,
                34.25538026218613
              ],
              [
                71.402339165353,
                32.870121991865204
              ],
              [
                70.8110960450615,
                31.68763575128223
              ],
              [
                70.96182340966989,
                29.186284564986998
              ],
              [
                68.19090289258035,
                27.3082162145152
              ],
              [
                68.12258320794894,
                26.215101260412492
              ],
              [
                68.53250131573745,
                25.463584729466888
              ],
              [
                67.48602584312702,
                23.928060136992357
              ],
              [
                67.31589034508015,
                24.092885576445482
              ],
              [
                67.2042341561153,
                24.588166795927904
              ],
              [
                67.1535978646114,
                24.65159186001482
              ],
              [
                66.99953750084187,
                24.714782320219896
              ],
              [
                66.70171645591999,
                24.752278886992357
              ],
              [
                66.65421584556843,
                24.783935152251146
              ],
              [
                66.64811232994343,
                24.90462454434099
              ],
              [
                66.70050338218952,
                25.114379488188646
              ],
              [
                66.62050918052937,
                25.31748541470232
              ],
              [
                66.43233016441609,
                25.488610826689623
              ],
              [
                66.30008986900593,
                25.494687639433764
              ],
              [
                65.76880172203327,
                25.309339128691576
              ],
              [
                65.21567061851765,
                25.270059190947435
              ],
              [
                64.85119155357624,
                25.20576437588396
              ],
              [
                64.42497542808796,
                25.173116289336107
              ],
              [
                64.23826125572468,
                25.210826479155443
              ],
              [
                64.05922225425984,
                25.401034914214037
              ],
              [
                63.650332483752024,
                25.336646639067553
              ],
              [
                63.40352538536335,
                25.164601885039232
              ],
              [
                62.44957259605671,
                25.16259916897478
              ],
              [
                61.8132658333614,
                25.053256593901537
              ],
              [
                61.34399321983601,
                25.026860796172045
              ],
              [
                60.85827544639851,
                25.095714174467943
              ],
              [
                60.7522306771114,
                25.18442877407732
              ],
              [
                60.479590448839915,
                25.29820593472185
              ],
              [
                60.29817870567585,
                25.323236070830248
              ],
              [
                59.30209258507038,
                25.340196214873217
              ],
              [
                59.03145888756062,
                25.307866655547045
              ],
              [
                58.74442580650593,
                25.535960756499193
              ],
              [
                57.900454554064524,
                25.540891252715014
              ],
              [
                57.805090937121165,
                25.64833029385271
              ],
              [
                57.464880976183665,
                25.704793535429857
              ],
              [
                57.32798293541218,
                25.787087999541185
              ],
              [
                57.254771265490305,
                25.793286882597826
              ],
              [
                57.24507049034382,
                26.01846274014177
              ],
              [
                57.112402948839915,
                26.076190553862475
              ],
              [
                57.06634047935749,
                26.307468019682787
              ],
              [
                56.93497756431843,
                26.464543901640795
              ],
              [
                56.929087671740305,
                26.75186689968767
              ],
              [
                56.79043105552937,
                26.97391279812517
              ],
              [
                56.683550867541086,
                26.968356691557787
              ],
              [
                56.66781905601765,
                27.04989584561052
              ],
              [
                56.43094924400593,
                27.106566988188646
              ],
              [
                55.89973357628132,
                27.104804598051928
              ],
              [
                55.8053198189571,
                27.005092226225756
              ],
              [
                55.42489913414265,
                26.963107668120287
              ],
              [
                55.34008696983601,
                26.79935225125017
              ],
              [
                55.098128351671946,
                26.73744162197771
              ],
              [
                54.92553237388874,
                26.53802641506853
              ],
              [
                54.75987533043171,
                26.41062506313982
              ],
              [
                54.64605620811726,
                26.39131888027849
              ],
              [
                54.064944300158274,
                26.70138319607439
              ],
              [
                53.63393691490437,
                26.74793966885271
              ],
              [
                53.380679163439524,
                26.9095893728322
              ],
              [
                52.89083388756062,
                27.05232390042009
              ],
              [
                52.41038802574421,
                27.580957018095873
              ],
              [
                51.961550745470774,
                27.776948534209154
              ],
              [
                51.611304316027415,
                27.82704123135271
              ],
              [
                51.350134882433665,
                28.03613432522478
              ],
              [
                50.702456507189524,
                29.133781038481615
              ],
              [
                50.704722437365305,
                29.400607668120287
              ],
              [
                50.359839472277415,
                29.74293478604021
              ],
              [
                50.13237288902546,
                30.06642874355974
              ],
              [
                49.71784881065632,
                30.002053819853685
              ],
              [
                49.51097396324421,
                30.020675264555834
              ],
              [
                49.45236495445515,
                30.07772596951189
              ],
              [
                49.321360620959055,
                30.102862917143725
              ],
              [
                49.235083612902415,
                30.223380647856615
              ],
              [
                49.22222808311726,
                30.47745855923357
              ],
              [
                48.945723566515696,
                30.387942873198412
              ],
              [
                48.80132964561726,
                30.08272513027849
              ],
              [
                48.713843378527415,
                29.99996145840349
              ],
              [
                48.21184829185749,
                29.948093019682787
              ],
              [
                48.028277430041086,
                29.973121248442553
              ],
              [
                47.95715239952351,
                29.947564684111498
              ],
              [
                47.911360773546946,
                29.890292726714037
              ],
              [
                47.99603179405476,
                29.490258775908373
              ],
              [
                47.84490874717976,
                29.50315436001482
              ],
              [
                47.61403945396687,
                29.272241197783373
              ],
              [
                41.94977851818943,
                32.20855238803876
              ],
              [
                41.05768490276161,
                32.89477824606016
              ],
              [
                38.79313957129098,
                32.89477824606016
              ],
              [
                37.21482009784175,
                32.68891048865375
              ],
              [
                35.771098633933235,
                31.639616172219235
              ],
              [
                35.087519937975415,
                30.42436515718311
              ],
              [
                38.57999769523481,
                27.29248597630586
              ],
              [
                38.41721437023568,
                26.31578602631111
              ],
              [
                37.00525573204304,
                25.534686647612475
              ],
              [
                36.669295343859446,
                26.016835771757982
              ],
              [
                36.31222442100788,
                26.42269667263689
              ],
              [
                35.831072840197336,
                27.095153413969896
              ],
              [
                35.59481337974812,
                27.51398619290056
              ],
              [
                35.43649581383015,
                27.72965582485857
              ],
              [
                35.111590418322336,
                28.072061144072435
              ],
              [
                34.76388076256062,
                28.096747957426928
              ],
              [
                34.798899683459055,
                28.230243288237475
              ],
              [
                34.88559249351765,
                28.357480608183764
              ],
              [
                35.025679621203196,
                28.948632799345873
              ],
              [
                35.09547332237507,
                29.342677675444506
              ],
              [
                35.0733976692989,
                29.418868623930834
              ],
              [
                34.98467925499226,
                29.46721991177263
              ],
              [
                34.76433471153523,
                29.24668654080095
              ],
              [
                34.54894927452351,
                28.731626115996264
              ],
              [
                34.32201293419148,
                27.828979097563646
              ],
              [
                34.24119857261921,
                27.75892027493181
              ],
              [
                34.0580053658321,
                27.79031332607927
              ],
              [
                33.85604384849812,
                28.024955354887865
              ],
              [
                33.50405791710163,
                28.329183183867357
              ],
              [
                33.33074096153523,
                28.551192842680834
              ],
              [
                33.17847350548054,
                28.995608888823412
              ],
              [
                32.94378188560749,
                29.19842108364763
              ],
              [
                32.647959742052805,
                29.85220106716814
              ],
              [
                32.43838027427937,
                29.775519930083178
              ],
              [
                32.318491968615305,
                29.54019697781267
              ],
              [
                32.64934447716023,
                28.765781007964037
              ],
              [
                32.934676203234446,
                28.37882574673357
              ],
              [
                33.35421660850788,
                27.90954741116228
              ],
              [
                33.566939386828196,
                27.36995085354509
              ],
              [
                33.80406478355671,
                26.93206938381853
              ],
              [
                33.928809198839915,
                26.56382330532732
              ],
              [
                34.10422042320515,
                26.354524217802904
              ],
              [
                34.514842066271555,
                25.573916994292162
              ],
              [
                35.189864191515696,
                24.39991911526384
              ],
              [
                33.657230668213316,
                24.017988632918694
              ],
              [
                33.69008329238944,
                23.54952842916048
              ],
              [
                33.3453212836059,
                23.354044941297275
              ],
              [
                32.464862884690504,
                23.453857387203293
              ],
              [
                31.555389393056224,
                23.251752166840117
              ],
              [
                30.544863291240354,
                22.746489115932185
              ],
              [
                29.920594299929515,
                25.070937793313846
              ],
              [
                29.96865396422506,
                28.435114294002048
              ],
              [
                28.62298336394978,
                29.973023551459512
              ],
              [
                22.08686901975555,
                30.59779918730161
              ],
              [
                20.11676886986042,
                30.957103334624193
              ],
              [
                20.116679224474677,
                31.07146795864763
              ],
              [
                19.992096933825263,
                31.350774370390795
              ],
              [
                19.941582712633856,
                31.611169420439623
              ],
              [
                19.961470636828192,
                31.795470796782396
              ],
              [
                20.068364176256903,
                32.037135683257006
              ],
              [
                20.365721735461005,
                32.29824026699724
              ],
              [
                21.054497751696356,
                32.630050264555834
              ],
              [
                21.673419031603583,
                32.8155895101613
              ],
              [
                22.215989145739325,
                32.79128988857927
              ],
              [
                22.543126139147528,
                32.722072206694506
              ],
              [
                22.92284682701374,
                32.55765875454607
              ],
              [
                23.00733283470417,
                32.48158987637224
              ],
              [
                23.026656183703192,
                32.25291021938982
              ],
              [
                23.153338465197333,
                32.138812624174975
              ],
              [
                23.714034113390692,
                32.07642325039568
              ],
              [
                24.034403833849677,
                31.937314592558764
              ],
              [
                24.815857920153388,
                31.9071536886281
              ],
              [
                24.951525721056708,
                31.818492494780443
              ],
              [
                24.982237848742255,
                31.647012315947435
              ],
              [
                25.106553110583075,
                31.513841234404467
              ],
              [
                25.25822928856159,
                31.437919222075365
              ],
              [
                25.78950026939655,
                31.489841066557787
              ],
              [
                26.14333442161823,
                31.490577303130053
              ],
              [
                27.763331446154364,
                31.182614885527514
              ],
              [
                27.9194498390987,
                30.99868544216814
              ],
              [
                28.517182383044013,
                30.961799226958178
              ],
              [
                28.966422113878973,
                30.784841142851732
              ],
              [
                29.248847040636786,
                30.753661714751146
              ],
              [
                29.683102640612372,
                31.05317076321306
              ],
              [
                30.099139246447333,
                31.231925569731615
              ],
              [
                30.995955500109442,
                31.468850694853685
              ],
              [
                31.71741584251667,
                31.38775213833513
              ],
              [
                31.808123621447333,
                31.178281389433764
              ],
              [
                32.07651046226765,
                31.013650499541185
              ],
              [
                32.30937865684773,
                31.084018312651537
              ],
              [
                32.59724334190632,
                30.963901125151537
              ],
              [
                32.76873305748249,
                30.95155295010271
              ],
              [
                33.02139190147663,
                31.132072054106615
              ],
              [
                33.12956527183796,
                31.051686845976732
              ],
              [
                33.557601007921946,
                30.967715822417162
              ],
              [
                33.916968378527415,
                31.070052705962084
              ],
              [
                34.19527724693562,
                31.23814161892595
              ],
              [
                34.50065902183796,
                31.621099077422045
              ],
              [
                34.59913543175007,
                31.817897402007006
              ],
              [
                34.758502039416086,
                32.300719820219896
              ],
              [
                34.84289077232624,
                32.670699678618334
              ],
              [
                34.894969019396555,
                32.662833772856615
              ],
              [
                34.956587824328196,
                32.704818330962084
              ],
              [
                34.97200683067585,
                32.938407503325365
              ],
              [
                35.088973078234446,
                33.069259248930834
              ],
              [
                35.13231185386921,
                33.23151739712419
              ],
              [
                35.356089624865305,
                33.63978155728044
              ],
              [
                35.34855941246296,
                33.74446829434099
              ],
              [
                35.42986586998249,
                33.74446829434099
              ],
              [
                35.49185088585163,
                33.83082541104021
              ],
              [
                35.532080683214915,
                34.118705354887865
              ],
              [
                35.7162084908321,
                34.312369905669115
              ],
              [
                35.82100585411335,
                34.343776308257006
              ],
              [
                35.873065027697336,
                34.422286592680834
              ],
              [
                35.7507543892696,
                34.74680670376482
              ],
              [
                35.80885222862507,
                35.01379736538591
              ],
              [
                35.841380152209055,
                35.04263266201677
              ],
              [
                35.796431574328196,
                35.270717226225756
              ],
              [
                35.60734084556843,
                35.41754492397966
              ],
              [
                35.663958582384836,
                35.45949514980974
              ],
              [
                35.7331762642696,
                35.58536108608904
              ],
              [
                35.69143203209187,
                35.68502005215349
              ],
              [
                35.739504847033274,
                35.690265260893725
              ],
              [
                35.85594466636921,
                35.83450277920427
              ],
              [
                35.71850493858601,
                36.09155615444841
              ],
              [
                35.66494658897663,
                36.133529268462084
              ],
              [
                35.70863250206257,
                36.21223410244646
              ],
              [
                35.81724074791218,
                36.30102881069841
              ],
              [
                36.09526351402546,
                36.48246344204607
              ],
              [
                36.0824308724239,
                36.62153204556169
              ],
              [
                35.95679381798054,
                36.74749334927263
              ],
              [
                35.89087584923054,
                36.77111395474138
              ],
              [
                35.67174056480671,
                36.60578497524919
              ],
              [
                35.50617125938679,
                36.55855520840349
              ],
              [
                35.54760268638874,
                36.54018362637224
              ],
              [
                35.49458983848835,
                36.443099580962084
              ],
              [
                35.38869765709187,
                36.45359381313982
              ],
              [
                35.35417846153523,
                36.414237581450365
              ],
              [
                35.22052672813679,
                36.38800390835466
              ],
              [
                35.07137206505085,
                36.4877086507863
              ],
              [
                34.66238311241413,
                36.64777334805193
              ],
              [
                34.4851293892696,
                36.62678106899919
              ],
              [
                33.95171264122273,
                36.251578890044115
              ],
              [
                33.95405486534382,
                36.15975912686052
              ],
              [
                33.83587554405476,
                36.10729559536638
              ],
              [
                33.833697351916086,
                36.07057150479021
              ],
              [
                33.753176722033274,
                36.14664038296404
              ],
              [
                33.171336206896555,
                35.97088202114763
              ],
              [
                32.904116663439524,
                35.97669561978044
              ],
              [
                32.64034179161335,
                36.00799902554216
              ],
              [
                32.334979090197336,
                36.12836798306169
              ],
              [
                31.90200713585163,
                36.4968639242238
              ],
              [
                31.37069037864948,
                36.71234472866716
              ],
              [
                30.90531066368366,
                36.794215761382006
              ],
              [
                30.59359076927448,
                36.76173361416521
              ],
              [
                30.540066751940497,
                36.64696081753435
              ],
              [
                30.472832712633856,
                36.18825491543474
              ],
              [
                30.394862207873114,
                36.11804541226091
              ],
              [
                30.279892954333075,
                36.11780508633318
              ],
              [
                30.166131052477606,
                36.18761786099138
              ],
              [
                29.66195586632038,
                36.07834585781755
              ],
              [
                29.47193244407917,
                36.09069403286638
              ],
              [
                29.298188242419013,
                36.17311819668474
              ],
              [
                29.002251657946356,
                36.69479712124529
              ],
              [
                28.81352714012409,
                36.535155855376146
              ],
              [
                28.469845804674872,
                36.738307558257006
              ],
              [
                28.26692298362995,
                36.71240957852068
              ],
              [
                28.01418975303913,
                36.52716406460466
              ],
              [
                27.91190246055866,
                36.69894369717302
              ],
              [
                27.94185546348835,
                36.756339632231615
              ],
              [
                28.051039728625067,
                36.83301504727068
              ],
              [
                27.99880889366413,
                36.90936621304216
              ],
              [
                27.308110270006903,
                36.920707308012865
              ],
              [
                27.268630060656317,
                37.04168280239763
              ],
              [
                27.525639566881903,
                37.13141211147966
              ],
              [
                27.492524179919013,
                37.2396732198781
              ],
              [
                27.36463263939167,
                37.328631960112475
              ],
              [
                27.160407099230536,
                37.36008032437029
              ],
              [
                27.12256148765827,
                37.49385031338396
              ],
              [
                27.179783853991278,
                37.77442892666521
              ],
              [
                27.13977340172077,
                37.889091097075365
              ],
              [
                26.961377176745184,
                37.946105562407396
              ],
              [
                26.6793318123653,
                38.104938112456225
              ],
              [
                26.512320551378973,
                38.06634863491716
              ],
              [
                26.393214258654364,
                38.104362093169115
              ],
              [
                26.391598734362372,
                38.21912726040544
              ],
              [
                26.46871093223835,
                38.44475897427263
              ],
              [
                26.742451700670966,
                38.27838858242693
              ],
              [
                26.99743178795124,
                38.40005835171404
              ],
              [
                26.819674524767645,
                38.52725180264177
              ],
              [
                26.828822168810614,
                38.58296164150896
              ],
              [
                26.695696863634833,
                38.640765749174975
              ],
              [
                26.709471735461005,
                38.698573671538256
              ],
              [
                26.96638015220905,
                38.76993139858904
              ],
              [
                27.034913095934638,
                38.821097933012865
              ],
              [
                27.00422004173542,
                38.884826265532396
              ],
              [
                26.936802896960028,
                38.92456396694841
              ],
              [
                26.785336527331122,
                38.940333925444506
              ],
              [
                26.789847406847723,
                39.02442511196794
              ],
              [
                26.87075141380573,
                39.055968843657396
              ],
              [
                26.707943949206122,
                39.182128511626146
              ],
              [
                26.704054865343817,
                39.250472627837084
              ],
              [
                26.60224250267292,
                39.255729280669115
              ],
              [
                26.853512796862372,
                39.46076925869646
              ],
              [
                26.926152262194403,
                39.476546846587084
              ],
              [
                26.957518610461005,
                39.54832800503435
              ],
              [
                26.804265055163153,
                39.56715353604021
              ],
              [
                26.138976129992255,
                39.43973883267107
              ],
              [
                26.064057383044013,
                39.45551260586443
              ],
              [
                26.084887537462958,
                39.60400732632341
              ],
              [
                26.141903910143622,
                39.660583101469896
              ],
              [
                26.127575907213934,
                39.878558717924975
              ],
              [
                26.186009439928778,
                39.99719580288591
              ],
              [
                26.3203344673946,
                39.99192389126482
              ],
              [
                26.40305236290241,
                40.17649038906755
              ],
              [
                26.4817114205196,
                40.187038027007006
              ],
              [
                26.76528266380573,
                40.37694128628435
              ],
              [
                26.996474298937567,
                40.371661745268725
              ],
              [
                27.056124720080145,
                40.42969473477068
              ],
              [
                27.271754297716864,
                40.45080908413591
              ],
              [
                27.3292341561153,
                40.355834566313646
              ],
              [
                27.449610743029364,
                40.30979498501482
              ],
              [
                27.763894114001044,
                40.28725393887224
              ],
              [
                27.830164942248114,
                40.34528311367693
              ],
              [
                27.799843821032294,
                40.403319917876146
              ],
              [
                27.679287943346747,
                40.4613529073781
              ],
              [
                27.807831797106513,
                40.50357016201677
              ],
              [
                27.95380500267292,
                40.48773916836443
              ],
              [
                28.00645926903034,
                40.45080908413591
              ],
              [
                27.908217463000067,
                40.35055502529802
              ],
              [
                28.477719339831122,
                40.39510305996599
              ],
              [
                29.05242446373249,
                40.33473166104021
              ],
              [
                29.122286829455145,
                40.413871370512865
              ],
              [
                29.083527597887763,
                40.45607718105974
              ],
              [
                28.873215708239325,
                40.471908174712084
              ],
              [
                28.777958902819403,
                40.524676881987475
              ],
              [
                28.9016218514278,
                40.62010534878435
              ],
              [
                29.713147196276434,
                40.693561159331225
              ],
              [
                29.882718119127997,
                40.746356569487475
              ],
              [
                29.32035544822956,
                40.741073213774584
              ],
              [
                29.289643320544013,
                40.806686006743334
              ],
              [
                29.014533075793036,
                40.97867163296404
              ],
              [
                29.161208185656317,
                41.21636541958513
              ],
              [
                29.5777807564571,
                41.153365694243334
              ],
              [
                30.13762381981159,
                41.131835542876146
              ],
              [
                30.256087336046942,
                41.18466528530779
              ],
              [
                30.744805368883856,
                41.04032477017107
              ],
              [
                31.217682871325263,
                41.05409201260271
              ],
              [
                31.404126200182684,
                41.163539491850756
              ],
              [
                31.385666880114325,
                41.28504141445818
              ],
              [
                32.687911066515696,
                41.845973573882006
              ],
              [
                33.15546325157429,
                41.94960745449724
              ],
              [
                33.55554107139851,
                41.982501589018725
              ],
              [
                34.66290954063679,
                41.87558325405779
              ],
              [
                35.001868280871165,
                42.04316290493669
              ],
              [
                35.09883025596882,
                41.80586203213396
              ],
              [
                35.286074671252024,
                41.67147787686052
              ],
              [
                35.41143706749226,
                41.626815401274584
              ],
              [
                35.67785552452351,
                41.62093313809099
              ],
              [
                35.95779326866413,
                41.68564566250505
              ],
              [
                36.16136840294148,
                41.35250052090349
              ],
              [
                36.38289550255085,
                41.23751791592302
              ],
              [
                36.641245874865305,
                41.31498297329607
              ],
              [
                36.81701186607624,
                41.28968390103044
              ],
              [
                37.252825769884836,
                41.02772101040544
              ],
              [
                37.821841272814524,
                41.00963171597185
              ],
              [
                38.31396392296101,
                40.92090185757341
              ],
              [
                38.65118316124226,
                40.921569429594896
              ],
              [
                39.13864425133015,
                41.04431875820818
              ],
              [
                39.37017730186726,
                41.06399878140154
              ],
              [
                40.00671294639851,
                40.95632895107927
              ],
              [
                40.36101439903523,
                40.96344336147966
              ],
              [
                40.60989287803913,
                41.02802618618669
              ],
              [
                41.29311660240437,
                41.28582342739763
              ],
              [
                41.52111342857624,
                41.46583517666521
              ],
              [
                41.68046859215046,
                41.79333838101091
              ],
              [
                44.48397232547802,
                41.4503909332189
              ],
              [
                44.825570748635116,
                40.76719408690471
              ],
              [
                46.46524317978917,
                40.63055471764187
              ],
              [
                46.91063962828353,
                40.12977074857732
              ],
              [
                47.69499750315471,
                40.425595663747615
              ],
              [
                49.66902068565632,
                40.24031027432146
              ],
              [
                49.57328322838093,
                40.17648657437029
              ],
              [
                49.54137328575398,
                39.87864264126482
              ],
              [
                49.403086695177805,
                39.48506125088396
              ],
              [
                49.498824152453196,
                39.378688417632006
              ],
              [
                49.48818496177937,
                39.29359015103044
              ],
              [
                49.381812128527415,
                39.325500093657396
              ],
              [
                49.33926299522663,
                39.282950960356615
              ],
              [
                49.27543929527546,
                39.017020784575365
              ],
              [
                49.22225478599812,
                39.038295351225756
              ],
              [
                49.179705652697336,
                39.14466818447771
              ],
              [
                49.115881952746165,
                39.18721731777849
              ],
              [
                49.041419062121165,
                39.14466818447771
              ],
              [
                49.020144495470774,
                39.00638159390154
              ],
              [
                49.05205825279499,
                38.9319225179738
              ],
              [
                48.945681604845774,
                38.83618506069841
              ],
              [
                48.988230738146555,
                38.719176851469896
              ],
              [
                48.824954065783274,
                38.30957754727068
              ],
              [
                48.809187921984446,
                37.98856695767107
              ],
              [
                48.74478057335163,
                37.727016054350756
              ],
              [
                48.837229761584055,
                37.51097448940935
              ],
              [
                49.05953124473835,
                37.39755972500505
              ],
              [
                49.475806269152415,
                37.291610323149584
              ],
              [
                49.84801391075398,
                37.268214784819506
              ],
              [
                50.038714441759836,
                37.22470434780779
              ],
              [
                50.25221160362507,
                36.89478644009294
              ],
              [
                50.56095412681843,
                36.686427675444506
              ],
              [
                51.41704085777546,
                36.45569189663591
              ],
              [
                51.79552367637898,
                36.43234976406755
              ],
              [
                53.139014276964915,
                36.64352758999529
              ],
              [
                53.79965499351765,
                36.67903860684099
              ],
              [
                53.98448852012898,
                36.781913362700365
              ],
              [
                54.06743911216999,
                36.94152411099138
              ],
              [
                53.87986281822468,
                38.025355898100756
              ],
              [
                53.937327417834055,
                38.15944632168474
              ],
              [
                53.937327417834055,
                38.57129629727068
              ],
              [
                54.07141784141804,
                38.89694555874529
              ],
              [
                54.03310683677937,
                38.992721162993334
              ],
              [
                56.81173009513678,
                39.17566870124195
              ],
              [
                57.46286339513327,
                40.152368651236706
              ],
              [
                57.625646720132394,
                42.431335201224464
              ],
              [
                57.951213370130645,
                43.08246850122095
              ],
              [
                60.06739659511928,
                44.22195177621483
              ],
              [
                63.64862974510001,
                45.68700170120695
              ],
              [
                66.41594627008514,
                45.03586840121044
              ],
              [
                67.88099619507726,
                43.896385126216586
              ],
              [
                67.88099619507726,
                43.08246850122095
              ],
              [
                69.18326279507026,
                43.08246850122095
              ],
              [
                70.64831272006238,
                43.896385126216586
              ],
              [
                71.78779599505624,
                43.896385126216586
              ],
              [
                74.55511252004138,
                43.24525182622008
              ],
              [
                75.04346249503875,
                42.431335201224464
              ],
              [
                73.74119589504575,
                40.477935301234965
              ],
              [
                73.09006259504925,
                38.85010205124371
              ],
              [
                72.78085989902615,
                35.06215920099381
              ],
              [
                72.63367856144198,
                34.59058535522755
              ]
            ]
          ]
        ]
      }
    },
    {
      "type": "Feature",
      "properties": {
        "id": "ottoman_empire",
        "name": "Ottoman Empire"
      },
      "geometry": {
        "type": "MultiPolygon",
        "coordinates": [
          [
            [
              [
                25.386239875166982,
                36.319185450416924
              ],
              [
                25.31781985085383,
                36.39877419215787
              ],
              [
                25.37103542531962,
                36.49661778527289
              ],
              [
                25.492671024098556,
                36.42324665835019
              ],
              [
                25.492671024098556,
                36.331435169041356
              ],
              [
                25.386239875166982,
                36.319185450416924
              ]
            ]
          ],
          [
            [
              [
                25.834771145664316,
                36.78331883149609
              ],
              [
                25.751146671503797,
                36.78331883149609
              ],
              [
                25.751146671503797,
                36.81375611186905
              ],
              [
                25.857577820435367,
                36.83809722624421
              ],
              [
                26.024826768756405,
                36.95968659606273
              ],
              [
                26.085644568145874,
                36.89891612690345
              ],
              [
                25.834771145664316,
                36.78331883149609
              ]
            ]
          ],
          [
            [
              [
                24.588006258180208,
                36.86851272864293
              ],
              [
                24.67923295726441,
                36.75896029963509
              ],
              [
                24.46637065940127,
                36.649251177336765
              ],
              [
                24.29912171108023,
                36.75286945753905
              ],
              [
                24.588006258180208,
                36.86851272864293
              ]
            ]
          ],
          [
            [
              [
                24.876890805280183,
                36.679741640978875
              ],
              [
                24.97571972928807,
                36.637051610171376
              ],
              [
                24.94531082959334,
                36.56991946228899
              ],
              [
                24.8236752308144,
                36.637051610171376
              ],
              [
                24.876890805280183,
                36.679741640978875
              ]
            ]
          ],
          [
            [
              [
                25.16577535238016,
                36.74068632260297
              ],
              [
                25.196184252074893,
                36.673644514576154
              ],
              [
                25.05934420344859,
                36.618748636935905
              ],
              [
                25.044139753601222,
                36.661448812220584
              ],
              [
                25.16577535238016,
                36.74068632260297
              ]
            ]
          ],
          [
            [
              [
                25.29501317608278,
                36.807669623462985
              ],
              [
                25.431853224709084,
                36.6980301207178
              ],
              [
                25.386239875166982,
                36.637051610171376
              ],
              [
                25.26460427638805,
                36.704125314038706
              ],
              [
                25.241797601616994,
                36.75286945753905
              ],
              [
                25.29501317608278,
                36.807669623462985
              ]
            ]
          ],
          [
            [
              [
                24.534790683714423,
                37.11746294371295
              ],
              [
                24.44356398463022,
                37.0992747162255
              ],
              [
                24.42835953478285,
                37.20833853996449
              ],
              [
                24.534790683714423,
                37.11746294371295
              ]
            ]
          ],
          [
            [
              [
                24.261110586461815,
                37.540613155635555
              ],
              [
                24.29912171108023,
                37.66107502189996
              ],
              [
                24.39795063508812,
                37.667092994189616
              ],
              [
                24.382746185240748,
                37.570746906161986
              ],
              [
                24.261110586461815,
                37.540613155635555
              ]
            ]
          ],
          [
            [
              [
                24.3599395104697,
                37.39580161737422
              ],
              [
                24.39795063508812,
                37.46824245164144
              ],
              [
                24.48917733417232,
                37.39580161737422
              ],
              [
                24.3599395104697,
                37.30515202694268
              ],
              [
                24.3599395104697,
                37.39580161737422
              ]
            ]
          ],
          [
            [
              [
                25.044139753601222,
                37.377680456560746
              ],
              [
                24.84648190558545,
                37.36559724964213
              ],
              [
                24.861686355432816,
                37.52855624381453
              ],
              [
                24.94531082959334,
                37.51046722146939
              ],
              [
                25.044139753601222,
                37.377680456560746
              ]
            ]
          ],
          [
            [
              [
                24.922504154822285,
                37.69116000393879
              ],
              [
                24.65642628249336,
                37.901413077728705
              ],
              [
                24.76285743142493,
                38.003319956303606
              ],
              [
                25.27220650131173,
                37.56472113091166
              ],
              [
                25.469864349327505,
                37.43806729073237
              ],
              [
                25.31781985085383,
                37.40184103098311
              ],
              [
                24.922504154822285,
                37.69116000393879
              ]
            ]
          ],
          [
            [
              [
                24.648824057569676,
                37.014338584785854
              ],
              [
                24.71724408188283,
                37.050751425742014
              ],
              [
                24.78566410619598,
                36.947536378182036
              ],
              [
                24.67923295726441,
                36.90499535372954
              ],
              [
                24.648824057569676,
                37.014338584785854
              ]
            ]
          ],
          [
            [
              [
                25.15057090253279,
                37.17200141281893
              ],
              [
                25.31021762593015,
                37.19622810717101
              ],
              [
                25.31021762593015,
                37.00219709179456
              ],
              [
                25.112559777914374,
                36.94146054239683
              ],
              [
                24.937708604669652,
                36.95968659606273
              ],
              [
                25.15057090253279,
                37.17200141281893
              ]
            ]
          ],
          [
            [
              [
                25.36343320039593,
                37.00826808071462
              ],
              [
                25.34062652562488,
                37.087146804747654
              ],
              [
                25.538284373640657,
                37.220447029530426
              ],
              [
                25.60670439795381,
                37.12352471549815
              ],
              [
                25.599102173030126,
                37.026478138264174
              ],
              [
                25.545886598564337,
                36.95968659606273
              ],
              [
                25.454659899480134,
                36.9232301280182
              ],
              [
                25.36343320039593,
                37.00826808071462
              ]
            ]
          ],
          [
            [
              [
                23.660534817490806,
                38.40357465937644
              ],
              [
                23.59971701810134,
                38.45717244335585
              ],
              [
                23.63772814271976,
                38.52262680680808
              ],
              [
                23.120776847909273,
                38.86676557896794
              ],
              [
                22.869903425427715,
                38.83716368115139
              ],
              [
                23.014345698977706,
                38.961408842619434
              ],
              [
                23.242412446688213,
                39.04411813294447
              ],
              [
                23.78977264119343,
                38.71863293758614
              ],
              [
                24.131872762759194,
                38.65335708482884
              ],
              [
                24.207895011996026,
                38.5523591317064
              ],
              [
                24.291519486156545,
                38.19476089687233
              ],
              [
                24.588006258180208,
                38.15292605377605
              ],
              [
                24.527188458790736,
                37.967368965721576
              ],
              [
                24.3143261609276,
                37.98534666287396
              ],
              [
                24.02544161382762,
                38.38569989188942
              ],
              [
                23.660534817490806,
                38.40357465937644
              ]
            ]
          ],
          [
            [
              [
                27.788883000000112,
                36.251656
              ],
              [
                27.909161,
                36.339722
              ],
              [
                28.215832,
                36.45776400000011
              ],
              [
                28.233887,
                36.441376
              ],
              [
                28.141388,
                36.210541
              ],
              [
                28.063606,
                36.111931
              ],
              [
                27.781387,
                35.890274
              ],
              [
                27.719166,
                35.94082600000013
              ],
              [
                27.740829000000133,
                36.10443900000013
              ],
              [
                27.719719,
                36.1661
              ],
              [
                27.788883000000112,
                36.251656
              ]
            ]
          ],
          [
            [
              [
                27.049995,
                36.949158000000125
              ],
              [
                26.935555000000136,
                36.932213
              ],
              [
                26.881943,
                37.068886
              ],
              [
                26.985828,
                37.044167
              ],
              [
                27.04832800000014,
                36.993607
              ],
              [
                27.049995,
                36.949158000000125
              ]
            ]
          ],
          [
            [
              [
                35.22052672824023,
                36.388003908113284
              ],
              [
                35.07137206515429,
                36.487708650544924
              ],
              [
                34.662383112517574,
                36.64777334781055
              ],
              [
                34.48512938937304,
                36.626781068757815
              ],
              [
                33.95171264132617,
                36.25157888980274
              ],
              [
                33.95405486544726,
                36.15975912661914
              ],
              [
                33.8358755441582,
                36.107295595125
              ],
              [
                33.83369735201953,
                36.07057150454883
              ],
              [
                33.753176722136715,
                36.14664038272266
              ],
              [
                33.171336207,
                35.97088202090625
              ],
              [
                32.64034179171679,
                36.007999025300784
              ],
              [
                32.33497909030078,
                36.128367982820315
              ],
              [
                31.902007135955078,
                36.496863923982424
              ],
              [
                31.37069037875293,
                36.712344728425784
              ],
              [
                30.90531066378711,
                36.79421576114063
              ],
              [
                30.59359076937793,
                36.76173361392383
              ],
              [
                30.540066752043945,
                36.64696081729297
              ],
              [
                30.472832712737304,
                36.18825491519336
              ],
              [
                30.394862207976562,
                36.118045412019534
              ],
              [
                30.279892954436523,
                36.1178050860918
              ],
              [
                30.166131052581054,
                36.18761786075
              ],
              [
                29.661955866423828,
                36.078345857576174
              ],
              [
                29.471932444182617,
                36.090694032625
              ],
              [
                29.29818824252246,
                36.17311819644336
              ],
              [
                29.002251658049804,
                36.69479712100391
              ],
              [
                28.81352714022754,
                36.53515585513477
              ],
              [
                28.46984580477832,
                36.73830755801563
              ],
              [
                28.266922983733398,
                36.7124095782793
              ],
              [
                28.014189753142578,
                36.527164064363284
              ],
              [
                27.91190246066211,
                36.69894369693164
              ],
              [
                27.941855463591796,
                36.75633963199024
              ],
              [
                28.051039728728515,
                36.8330150470293
              ],
              [
                27.998808893767578,
                36.909366212800784
              ],
              [
                27.30811027011035,
                36.92070730777149
              ],
              [
                27.268630060759765,
                37.04168280215625
              ],
              [
                27.52563956698535,
                37.131412111238284
              ],
              [
                27.49252418002246,
                37.23967321963672
              ],
              [
                27.364632639495117,
                37.328631959871096
              ],
              [
                27.160407099333984,
                37.36008032412891
              ],
              [
                27.12256148776172,
                37.49385031314258
              ],
              [
                27.179783854094726,
                37.77442892642383
              ],
              [
                27.13977340182422,
                37.88909109683399
              ],
              [
                26.961377176848632,
                37.94610556216602
              ],
              [
                26.67933181246875,
                38.104938112214846
              ],
              [
                26.51232055148242,
                38.066348634675784
              ],
              [
                26.393214258757812,
                38.10436209292774
              ],
              [
                26.39159873446582,
                38.219127260164065
              ],
              [
                26.468710932341796,
                38.44475897403125
              ],
              [
                26.742451700774414,
                38.27838858218555
              ],
              [
                26.997431788054687,
                38.40005835147266
              ],
              [
                26.819674524871093,
                38.52725180240039
              ],
              [
                26.828822168914062,
                38.58296164126758
              ],
              [
                26.69569686373828,
                38.640765748933596
              ],
              [
                26.709471735564453,
                38.69857367129688
              ],
              [
                26.9663801523125,
                38.76993139834766
              ],
              [
                27.034913096038085,
                38.82109793277149
              ],
              [
                27.004220041838867,
                38.88482626529102
              ],
              [
                26.936802897063476,
                38.924563966707034
              ],
              [
                26.78533652743457,
                38.94033392520313
              ],
              [
                26.78984740695117,
                39.024425111726565
              ],
              [
                26.87075141390918,
                39.05596884341602
              ],
              [
                26.70794394930957,
                39.18212851138477
              ],
              [
                26.704054865447265,
                39.250472627595705
              ],
              [
                26.602242502776367,
                39.25572928042774
              ],
              [
                26.85351279696582,
                39.46076925845508
              ],
              [
                26.92615226229785,
                39.476546846345705
              ],
              [
                26.957518610564453,
                39.54832800479297
              ],
              [
                26.8042650552666,
                39.56715353579883
              ],
              [
                26.138976130095703,
                39.43973883242969
              ],
              [
                26.06405738314746,
                39.45551260562305
              ],
              [
                26.084887537566406,
                39.604007326082034
              ],
              [
                26.14190391024707,
                39.66058310122852
              ],
              [
                26.127575907317382,
                39.878558717683596
              ],
              [
                26.186009440032226,
                39.997195802644534
              ],
              [
                26.320334467498046,
                39.99192389102344
              ],
              [
                26.40305236300586,
                40.176490388826174
              ],
              [
                26.481711420623046,
                40.18703802676563
              ],
              [
                26.76528266390918,
                40.37694128604297
              ],
              [
                26.996474299041015,
                40.371661745027346
              ],
              [
                27.056124720183593,
                40.4296947345293
              ],
              [
                27.271754297820312,
                40.450809083894534
              ],
              [
                27.32923415621875,
                40.35583456607227
              ],
              [
                27.449610743132812,
                40.30979498477344
              ],
              [
                27.76389411410449,
                40.28725393863086
              ],
              [
                27.830164942351562,
                40.34528311343555
              ],
              [
                27.79984382113574,
                40.40331991763477
              ],
              [
                27.679287943450195,
                40.46135290713672
              ],
              [
                27.80783179720996,
                40.50357016177539
              ],
              [
                27.953805002776367,
                40.48773916812305
              ],
              [
                28.00645926913379,
                40.450809083894534
              ],
              [
                27.908217463103515,
                40.35055502505664
              ],
              [
                28.47771933993457,
                40.39510305972461
              ],
              [
                29.052424463835937,
                40.33473166079883
              ],
              [
                29.122286829558593,
                40.41387137027149
              ],
              [
                29.08352759799121,
                40.45607718081836
              ],
              [
                28.873215708342773,
                40.471908174470705
              ],
              [
                28.77795890292285,
                40.524676881746096
              ],
              [
                28.90162185153125,
                40.62010534854297
              ],
              [
                29.713147196379882,
                40.693561159089846
              ],
              [
                29.882718119231445,
                40.746356569246096
              ],
              [
                29.320355448333007,
                40.741073213533205
              ],
              [
                29.28964332064746,
                40.806686006501955
              ],
              [
                29.014533075896484,
                40.97867163272266
              ],
              [
                29.161208185759765,
                41.21636541934375
              ],
              [
                29.577780756560546,
                41.153365694001955
              ],
              [
                30.13762381991504,
                41.13183554263477
              ],
              [
                30.25608733615039,
                41.18466528506641
              ],
              [
                30.744805368987304,
                41.04032476992969
              ],
              [
                31.21768287142871,
                41.05409201236133
              ],
              [
                31.404126200286132,
                41.16353949160938
              ],
              [
                31.385666880217773,
                41.2850414142168
              ],
              [
                32.418982538787105,
                41.74916800113086
              ],
              [
                32.68791106661914,
                41.84597357364063
              ],
              [
                33.15546325167773,
                41.94960745425586
              ],
              [
                33.55554107150195,
                41.982501588777346
              ],
              [
                34.66290954074023,
                41.87558325381641
              ],
              [
                35.001868280974605,
                42.043162904695315
              ],
              [
                35.09883025607226,
                41.80586203189258
              ],
              [
                35.286074671355465,
                41.67147787661914
              ],
              [
                35.4114370675957,
                41.626815401033205
              ],
              [
                35.67785552462695,
                41.62093313784961
              ],
              [
                35.957793268767574,
                41.685645662263674
              ],
              [
                36.16136840304492,
                41.35250052066211
              ],
              [
                36.38289550265429,
                41.23751791568164
              ],
              [
                36.641245874968746,
                41.31498297305469
              ],
              [
                36.81701186617968,
                41.289683900789065
              ],
              [
                37.25282576998828,
                41.027721010164065
              ],
              [
                37.821841272917965,
                41.00963171573047
              ],
              [
                38.31396392306445,
                40.920901857332034
              ],
              [
                38.6511831613457,
                40.92156942935352
              ],
              [
                39.13864425143359,
                41.0443187579668
              ],
              [
                39.3701773019707,
                41.06399878116016
              ],
              [
                40.00671294650195,
                40.95632895083789
              ],
              [
                40.36101439913867,
                40.963443361238284
              ],
              [
                40.609892878142574,
                41.028026185945315
              ],
              [
                41.29311660250781,
                41.28582342715625
              ],
              [
                41.48396209200976,
                41.436542116121096
              ],
              [
                41.2117525587671,
                40.243789637618185
              ],
              [
                39.14792154008981,
                38.622208122943185
              ],
              [
                36.49442451607618,
                37.369167861603394
              ],
              [
                36.78925751874435,
                37.00062660826817
              ],
              [
                35.89087584933398,
                36.7711139545
              ],
              [
                35.67174056491015,
                36.605784975007815
              ],
              [
                35.50617125949023,
                36.55855520816211
              ],
              [
                35.54760268649218,
                36.54018362613086
              ],
              [
                35.49458983859179,
                36.443099580720705
              ],
              [
                35.38869765719531,
                36.45359381289844
              ],
              [
                35.35417846163867,
                36.41423758120899
              ],
              [
                35.22052672824023,
                36.388003908113284
              ]
            ]
          ],
          [
            [
              [
                17.30407422969127,
                43.07620747861257
              ],
              [
                17.32624163546834,
                43.33677334064347
              ],
              [
                17.163159587279704,
                43.39113402337301
              ],
              [
                17.054438221820618,
                43.472675047467334
              ],
              [
                16.992262873259765,
                43.32271536441211
              ],
              [
                16.639813456145507,
                43.38973578067188
              ],
              [
                16.711520227996093,
                43.77132757754688
              ],
              [
                16.701476130095703,
                43.84666021914844
              ],
              [
                16.86510097716965,
                44.24473664154886
              ],
              [
                17.45754283464384,
                44.14599633196983
              ],
              [
                17.753763763380935,
                44.39284710591741
              ],
              [
                18.93864747832931,
                44.39284710591741
              ],
              [
                19.785081820576952,
                44.93614220618158
              ],
              [
                20.29067094393689,
                44.89965639315561
              ],
              [
                20.80078338838403,
                44.931538420933556
              ],
              [
                23.542637777287393,
                45.856117226493986
              ],
              [
                24.180278332846314,
                45.856117226493986
              ],
              [
                26.539548388414325,
                45.250358698713015
              ],
              [
                28.368347043126835,
                45.33088004691821
              ],
              [
                30.88622493739214,
                47.453796702867386
              ],
              [
                32.00743848810459,
                46.90592190895213
              ],
              [
                31.873517617098525,
                46.80865196936712
              ],
              [
                31.849884522215103,
                46.62986314305322
              ],
              [
                31.51508234469995,
                46.60815125509662
              ],
              [
                31.087231669036132,
                46.635535798982424
              ],
              [
                30.83285621127246,
                46.57659109683399
              ],
              [
                30.520461115447265,
                46.251407228425784
              ],
              [
                30.068821940032226,
                45.861400209382815
              ],
              [
                29.629511866179687,
                45.75035818667774
              ],
              [
                29.50043014010547,
                45.52336844058399
              ],
              [
                29.536093744841796,
                45.45219763369922
              ],
              [
                29.68321135958789,
                45.37478979678516
              ],
              [
                29.7107649179375,
                45.25833471866016
              ],
              [
                29.578961405364257,
                45.0575023517168
              ],
              [
                29.45752242526172,
                44.91514929385547
              ],
              [
                29.089749369231445,
                44.87573202700977
              ],
              [
                28.91823676547168,
                44.765750490144534
              ],
              [
                28.686247858611328,
                44.48805197329883
              ],
              [
                28.573113474456054,
                44.19782217593555
              ],
              [
                28.445693049041015,
                43.476363740876955
              ],
              [
                28.32809546908496,
                43.43752630801563
              ],
              [
                28.187058481780273,
                43.450118623689455
              ],
              [
                28.03463843783496,
                43.39190252871875
              ],
              [
                27.88732055148242,
                43.06352575869922
              ],
              [
                27.869908365813476,
                42.799876771882815
              ],
              [
                27.836163553801757,
                42.73552282901172
              ],
              [
                27.65404418429492,
                42.68373831363086
              ],
              [
                27.50195029696582,
                42.51634558291797
              ],
              [
                27.494702372161132,
                42.40090139956836
              ],
              [
                27.607871088591796,
                42.41677816958789
              ],
              [
                27.913407358733398,
                42.078101716951174
              ],
              [
                27.91795257052539,
                41.977672182039065
              ],
              [
                28.02620223483203,
                41.88238485904102
              ],
              [
                28.01817801913379,
                41.75320776553516
              ],
              [
                28.104397806731445,
                41.59297140689258
              ],
              [
                28.37145713290332,
                41.43312796206836
              ],
              [
                29.01236823519824,
                41.254832826570315
              ],
              [
                29.08109954318164,
                41.200511537507815
              ],
              [
                28.96445373019336,
                40.98923834414844
              ],
              [
                28.827807459441406,
                40.91469915957813
              ],
              [
                28.173314127532226,
                41.05789526553516
              ],
              [
                28.026368174163085,
                41.02620657534961
              ],
              [
                27.932183298674804,
                40.95754965396289
              ],
              [
                27.474169764128906,
                40.962833009675784
              ],
              [
                27.31304648837207,
                40.789912782625
              ],
              [
                27.26375678500293,
                40.66717108340625
              ],
              [
                26.613572153655273,
                40.39804037661914
              ],
              [
                26.51393989047168,
                40.28197439761524
              ],
              [
                26.375863108245117,
                40.21340902896289
              ],
              [
                26.25515845736621,
                40.081561647371096
              ],
              [
                26.140885386077148,
                40.044654451326174
              ],
              [
                26.214289698210937,
                40.16066702456836
              ],
              [
                26.19482139071582,
                40.30307348819141
              ],
              [
                26.556477579680664,
                40.49829062075977
              ],
              [
                26.45483878573535,
                40.584308229402346
              ],
              [
                26.12404159030078,
                40.602847658113284
              ],
              [
                26.020724329558593,
                40.669322572664065
              ],
              [
                25.992875132170898,
                40.85245855899219
              ],
              [
                25.301114115325195,
                40.89594229312305
              ],
              [
                25.04631713351367,
                40.952273927644534
              ],
              [
                25.018929514495117,
                41.01714666934375
              ],
              [
                24.700663599578125,
                40.878341279939455
              ],
              [
                24.51912787875293,
                40.873065553621096
              ],
              [
                24.504952463713867,
                40.98406942935352
              ],
              [
                24.354302439299804,
                40.97096212954883
              ],
              [
                24.21905806979297,
                40.82968481631641
              ],
              [
                24.025155100432617,
                40.74636038394336
              ],
              [
                23.885952982512695,
                40.732894502595705
              ],
              [
                23.748394999114257,
                40.80443152041797
              ],
              [
                23.634697947112304,
                40.77275427432422
              ],
              [
                23.632977518645507,
                40.71316870303516
              ],
              [
                23.78517440280078,
                40.477191530183596
              ],
              [
                23.92370322665332,
                40.450809083894534
              ],
              [
                24.29535201510547,
                40.176490388826174
              ],
              [
                24.220635447112304,
                40.144847475007815
              ],
              [
                24.054778132048828,
                40.260882936433596
              ],
              [
                24.047778162566406,
                40.3083568439043
              ],
              [
                23.774773630706054,
                40.392764650300784
              ],
              [
                23.722168955413085,
                40.348243318513674
              ],
              [
                23.62723449191211,
                40.34528311343555
              ],
              [
                23.651745829192382,
                40.22922857852344
              ],
              [
                23.803664240447265,
                40.15539129825
              ],
              [
                23.868659052458984,
                40.16067465396289
              ],
              [
                23.9201097818291,
                40.05519827456836
              ],
              [
                23.906617197600585,
                39.997195802644534
              ],
              [
                23.796032938567382,
                39.986651979402346
              ],
              [
                23.595772776213867,
                40.19231756778125
              ],
              [
                23.291760477629882,
                40.28726156802539
              ],
              [
                23.293139490691406,
                40.24505575747852
              ],
              [
                23.259058985320312,
                40.22922857852344
              ],
              [
                23.36683944186328,
                40.107928834871096
              ],
              [
                23.4364672037041,
                40.044654451326174
              ],
              [
                23.592185053435546,
                40.00246389956836
              ],
              [
                23.638585123625976,
                39.96034201236133
              ],
              [
                23.596890482512695,
                39.93405493350391
              ],
              [
                23.260525736418945,
                39.970870576814455
              ],
              [
                23.27630904635547,
                40.04992254825
              ],
              [
                23.141140970793945,
                40.26615484805469
              ],
              [
                22.960160288420898,
                40.314708314851565
              ],
              [
                22.748055491057617,
                40.482467256501955
              ],
              [
                22.86390212496875,
                40.535228334382815
              ],
              [
                22.85194686373828,
                40.65133627505664
              ],
              [
                22.769967112151367,
                40.66717108340625
              ],
              [
                22.701254877654296,
                40.57744940371875
              ],
              [
                22.492066416350585,
                40.49829062075977
              ],
              [
                22.60226539095996,
                40.39723929019336
              ],
              [
                22.489617380706054,
                40.23052557559375
              ],
              [
                22.467362436858398,
                40.118480287507815
              ],
              [
                22.695097956267578,
                39.834483705476565
              ],
              [
                22.75447371920703,
                39.81834753604297
              ],
              [
                22.813431772795898,
                39.602740846589846
              ],
              [
                23.07416823825,
                39.41345175357227
              ],
              [
                23.236084971038085,
                39.20315893741016
              ],
              [
                23.05191710909961,
                39.10328634829883
              ],
              [
                23.099806818572265,
                39.1873851642168
              ],
              [
                23.045252832976562,
                39.27149923892383
              ],
              [
                22.98130134066699,
                39.329330049470705
              ],
              [
                22.85085395297168,
                39.36613043399219
              ],
              [
                22.720257792083007,
                39.287269197419924
              ],
              [
                22.766058954802734,
                39.20278891177539
              ],
              [
                22.83488372286914,
                39.16636236758594
              ],
              [
                22.871062311736328,
                39.02434881778125
              ],
              [
                22.784213099089843,
                38.94033392520313
              ],
              [
                22.490498575774414,
                38.87685354800586
              ],
              [
                22.723288569060546,
                38.793170534089846
              ],
              [
                22.899373087493164,
                38.766891084626955
              ],
              [
                22.98423102816699,
                38.66704138369922
              ],
              [
                23.16949180087207,
                38.66704138369922
              ],
              [
                23.190995249358398,
                38.61034353824024
              ],
              [
                23.356156382170898,
                38.48950155825977
              ],
              [
                23.493844065276367,
                38.483131013826174
              ],
              [
                23.555766138640625,
                38.351764284089846
              ],
              [
                23.803948435393554,
                38.34651144595508
              ],
              [
                23.96074393710254,
                38.20991476626758
              ],
              [
                23.966990503875,
                38.15213354678516
              ],
              [
                23.880024942961914,
                38.11535605044727
              ],
              [
                23.987299952117187,
                37.76342733950977
              ],
              [
                23.918181452361328,
                37.684642396882815
              ],
              [
                23.83551314791797,
                37.684642396882815
              ],
              [
                23.733683619109375,
                37.85785635562305
              ],
              [
                23.634148630706054,
                37.878978334382815
              ],
              [
                23.495701822844726,
                38.06807669253711
              ],
              [
                23.419257196990234,
                38.06807669253711
              ],
              [
                22.98061469515918,
                37.957767091707034
              ],
              [
                22.898057016936523,
                37.89998968692188
              ],
              [
                23.03996756991504,
                37.85796698184375
              ],
              [
                23.048874888030273,
                37.64263113589649
              ],
              [
                23.151383432952148,
                37.59012182803516
              ],
              [
                23.32170775851367,
                37.63738211245899
              ],
              [
                23.312159571257812,
                37.548106752351565
              ],
              [
                23.418124231902343,
                37.46934088321094
              ],
              [
                23.184979471770507,
                37.42733343692188
              ],
              [
                23.185792002288085,
                37.374827943757815
              ],
              [
                23.109564814177734,
                37.34664114566211
              ],
              [
                22.970976862517578,
                37.38532217593555
              ],
              [
                23.025345835295898,
                37.479842744783205
              ],
              [
                22.94206908663867,
                37.518390260652346
              ],
              [
                22.713290247527343,
                37.543433748201174
              ],
              [
                22.64231780490039,
                37.58486517520313
              ],
              [
                22.638745340911132,
                37.492286287263674
              ],
              [
                22.726239237395507,
                37.28850897403125
              ],
              [
                22.813349756804687,
                37.212054811433596
              ],
              [
                22.79310897311328,
                37.1385570392168
              ],
              [
                22.886887583342773,
                37.04668005557422
              ],
              [
                22.982552561370117,
                36.6147533282793
              ],
              [
                22.67355445345996,
                36.754283510164065
              ],
              [
                22.524447474089843,
                36.722125612214846
              ],
              [
                22.39029601534961,
                36.524371705964846
              ],
              [
                22.191407236663085,
                36.855235658601565
              ],
              [
                21.984171900359375,
                37.02048071475391
              ],
              [
                21.78091529330371,
                36.82254370303516
              ],
              [
                21.588168177214843,
                36.9814411029375
              ],
              [
                21.531443628875,
                37.11514624209766
              ],
              [
                21.626500162688476,
                37.30651815982227
              ],
              [
                21.613707575408203,
                37.41484793277149
              ],
              [
                21.221131357756835,
                37.82839544864063
              ],
              [
                21.22843078097461,
                37.90490683169727
              ],
              [
                21.440451654998046,
                38.179515443757815
              ],
              [
                21.714499506560546,
                38.135440431550784
              ],
              [
                21.90576652011035,
                38.26973684878711
              ],
              [
                22.747214350310546,
                37.95260580630664
              ],
              [
                22.898655924407226,
                37.9975543841875
              ],
              [
                23.116345438567382,
                38.157394014314455
              ],
              [
                22.875638041106445,
                38.204600892976565
              ],
              [
                22.333741221038085,
                38.426707826570315
              ],
              [
                21.826472315398437,
                38.46395834536914
              ],
              [
                21.364455256072265,
                38.412005983308596
              ],
              [
                21.172404322234375,
                38.34783896060352
              ],
              [
                20.771830591765625,
                38.85093268008594
              ],
              [
                20.892598185149414,
                38.895831666902346
              ],
              [
                21.00650886019824,
                38.87054403872852
              ],
              [
                21.104685816375,
                38.92177542300586
              ],
              [
                21.15951636752246,
                39.004825197175784
              ],
              [
                21.007184061614257,
                39.112987123445315
              ],
              [
                20.901148829070312,
                39.06173285098438
              ],
              [
                20.67775252780078,
                39.08042486758594
              ],
              [
                20.211808237639648,
                39.404925905183596
              ],
              [
                20.090828928557617,
                39.60253103824024
              ],
              [
                20.028559717742187,
                39.81378134341602
              ],
              [
                19.803648981658203,
                40.016963563875
              ],
              [
                19.369067225066406,
                40.26028021426563
              ],
              [
                19.38022521456836,
                40.32358130069141
              ],
              [
                19.483712229338867,
                40.29589041324024
              ],
              [
                19.49448302706836,
                40.4027171954668
              ],
              [
                19.33922294100879,
                40.58873709292774
              ],
              [
                19.527255091277343,
                40.865890108064455
              ],
              [
                19.445403132048828,
                40.96489676089649
              ],
              [
                19.529950174895507,
                41.21844442935352
              ],
              [
                19.416991266814453,
                41.345252595857424
              ],
              [
                19.498915705291015,
                41.52362021060352
              ],
              [
                19.619383844939453,
                41.559302888826174
              ],
              [
                19.60696509799121,
                41.761539064363284
              ],
              [
                19.14303687533496,
                41.93209036441211
              ],
              [
                19.135544809905273,
                41.99954184146289
              ],
              [
                18.909899744597656,
                42.217792116121096
              ],
              [
                18.52864364108203,
                42.35274466128711
              ],
              [
                18.001368555632812,
                42.69445761294727
              ],
              [
                17.59567931613086,
                42.888900361970705
              ],
              [
                17.30407422969127,
                43.07620747861257
              ]
            ]
          ],
          [
            [
              [
                26.91861,
                36.716103
              ],
              [
                26.921944,
                36.761101
              ],
              [
                27.168053,
                36.887215
              ],
              [
                27.284443,
                36.900551
              ],
              [
                27.355553,
                36.865273
              ],
              [
                26.980553,
                36.746941000000106
              ],
              [
                26.971386,
                36.672211
              ],
              [
                26.91861,
                36.716103
              ]
            ]
          ],
          [
            [
              [
                26.820553,
                37.11055
              ],
              [
                26.7808270000001,
                37.189995
              ],
              [
                26.85833,
                37.181107
              ],
              [
                26.889721,
                37.101662
              ],
              [
                26.820553,
                37.11055
              ]
            ]
          ],
          [
            [
              [
                25.789157796122215,
                36.40489303146257
              ],
              [
                25.872782270282734,
                36.35592882884054
              ],
              [
                25.713135546885383,
                36.34980613615219
              ],
              [
                25.789157796122215,
                36.40489303146257
              ]
            ]
          ]
        ]
      }
    },
    {
      "type": "Feature",
      "properties": {
        "id": "mongol_empire",
        "name": "Mongol Empire"
      },
      "geometry": {
        "type": "MultiPolygon",
        "coordinates": [
          [
            [
              [
                114.03066888501186,
                22.310145709772186
              ],
              [
                114.0220597381288,
                22.22848381751031
              ],
              [
                113.83624565123614,
                22.21387260381799
              ],
              [
                113.901531681766,
                22.290896387977877
              ],
              [
                114.04645232096415,
                22.340010093386088
              ],
              [
                114.03066888501186,
                22.310145709772186
              ]
            ]
          ],
          [
            [
              [
                114.16626294842006,
                22.560807313317255
              ],
              [
                114.30903130089744,
                22.553519333285553
              ],
              [
                114.41305849240106,
                22.436859356255123
              ],
              [
                114.26311585085445,
                22.204407710086702
              ],
              [
                114.23119026449645,
                22.22234065175855
              ],
              [
                114.21630361467781,
                22.192285071974666
              ],
              [
                114.20715639611458,
                22.221842545443078
              ],
              [
                114.13397864760857,
                22.171690795428585
              ],
              [
                114.09882463116942,
                22.21652930133975
              ],
              [
                114.16070287439139,
                22.31379614394487
              ],
              [
                114.14402265230547,
                22.331383261411904
              ],
              [
                113.92538619292115,
                22.36721429724379
              ],
              [
                113.90135232453927,
                22.406518299261425
              ],
              [
                114.02923402719802,
                22.508457822712955
              ],
              [
                114.16626294842006,
                22.560807313317255
              ]
            ]
          ],
          [
            [
              [
                126.07485170368547,
                37.74737094687976
              ],
              [
                125.91414762853508,
                37.80634493203153
              ],
              [
                125.76779213152307,
                37.98298444094018
              ],
              [
                125.61856691888339,
                37.77232722048581
              ],
              [
                125.33733478737015,
                37.68153678582816
              ],
              [
                125.07696059664843,
                37.77087362857227
              ],
              [
                124.76971724948046,
                37.935855470613284
              ],
              [
                124.69365981539843,
                38.13954123111133
              ],
              [
                124.73619368991015,
                38.2797809466875
              ],
              [
                124.92935470065234,
                38.46493872256641
              ],
              [
                125.29374221285937,
                38.68870123477344
              ],
              [
                125.12784554654907,
                38.80615600636019
              ],
              [
                125.39759881555155,
                39.37634162815059
              ],
              [
                125.33209665302905,
                39.5112253156193
              ],
              [
                125.22190444716038,
                39.464528034496155
              ],
              [
                124.92233565855243,
                39.61860617230285
              ],
              [
                125.32872564048708,
                39.51816698875884
              ],
              [
                124.92233565768359,
                39.61860617251758
              ],
              [
                124.68842605075,
                39.60537680240039
              ],
              [
                124.54809096774218,
                39.541339479402346
              ],
              [
                124.44284347018359,
                39.5730052814043
              ],
              [
                124.20898726901171,
                39.738326631501955
              ],
              [
                124.10407546470906,
                39.884784303862475
              ],
              [
                123.91652968834187,
                39.80788382168474
              ],
              [
                123.36642745445515,
                39.749389253813646
              ],
              [
                123.03905776451374,
                39.67220266934099
              ],
              [
                122.02749160240437,
                39.25575979824724
              ],
              [
                121.74316695640827,
                39.08944662686052
              ],
              [
                121.48840621422077,
                38.87860449429216
              ],
              [
                121.21647933433796,
                38.756957613188646
              ],
              [
                121.06533339927937,
                38.7502818929738
              ],
              [
                121.12369826744343,
                38.86512335415544
              ],
              [
                121.51177504966999,
                39.171859346587084
              ],
              [
                121.66015151451374,
                39.33151587124529
              ],
              [
                121.44896224449421,
                39.38210257168474
              ],
              [
                121.28217605064656,
                39.3498912679738
              ],
              [
                121.21334365318562,
                39.48363836880388
              ],
              [
                121.23940566490437,
                39.553832613188646
              ],
              [
                121.66813186119343,
                39.90540655728044
              ],
              [
                121.78898909996296,
                40.07807882900896
              ],
              [
                122.03651717613484,
                40.264037691313646
              ],
              [
                122.10791305015827,
                40.35372122402849
              ],
              [
                122.08235457847859,
                40.48801382656755
              ],
              [
                121.75361922691609,
                40.73695334072771
              ],
              [
                121.42673018883015,
                40.86432608242693
              ],
              [
                121.01060775230671,
                40.85068091030779
              ],
              [
                120.78842452476765,
                40.68381460781755
              ],
              [
                120.27274611900593,
                40.1517711507863
              ],
              [
                120.11272719810749,
                40.0811038839406
              ],
              [
                119.82381728599812,
                40.0421634542531
              ],
              [
                119.38549331138874,
                39.8434329855031
              ],
              [
                119.21067336509968,
                39.63902624722185
              ],
              [
                119.09059432457234,
                39.339103304106615
              ],
              [
                118.97764113853718,
                39.22413595791521
              ],
              [
                118.78126815269734,
                39.16635855313005
              ],
              [
                118.5593366951778,
                39.172286592680834
              ],
              [
                118.41243270347859,
                39.05088003750505
              ],
              [
                118.27459243248249,
                38.99961050625505
              ],
              [
                118.06992629478718,
                39.2541881429738
              ],
              [
                117.91011336754109,
                39.26024206753435
              ],
              [
                117.75288680504109,
                39.20253714199724
              ],
              [
                117.57505324791218,
                38.915336214262865
              ],
              [
                117.43950179527546,
                38.60277136440935
              ],
              [
                117.4790373177364,
                38.449916444975756
              ],
              [
                117.58946517418171,
                38.28448065396013
              ],
              [
                117.84067061851765,
                38.16392096157732
              ],
              [
                118.20027450035359,
                38.04361303921404
              ],
              [
                118.74464705894734,
                38.063834749419115
              ],
              [
                118.87524703453327,
                37.949428163725756
              ],
              [
                118.86725905845906,
                37.70737417813005
              ],
              [
                118.81164840172077,
                37.446132265288256
              ],
              [
                118.83700087974812,
                37.204215608794115
              ],
              [
                118.9546003670528,
                37.07711752529802
              ],
              [
                119.28440383384968,
                37.04596670742693
              ],
              [
                119.59885695884968,
                37.11661871548357
              ],
              [
                119.94069961021687,
                37.35291250820818
              ],
              [
                120.16939071129109,
                37.57625540371599
              ],
              [
                120.6581144661739,
                37.73646505947771
              ],
              [
                120.78740218590046,
                37.70487555142107
              ],
              [
                121.18977645347859,
                37.42548330898943
              ],
              [
                121.43434432457234,
                37.336837373930834
              ],
              [
                121.89484694908406,
                37.37596472378435
              ],
              [
                122.3928556771114,
                37.3005748617238
              ],
              [
                122.28126815269734,
                36.98200567837419
              ],
              [
                122.25558761070515,
                36.7336917745656
              ],
              [
                121.84669784019734,
                36.86017569180193
              ],
              [
                121.60988143394734,
                36.834228121001146
              ],
              [
                120.85548690269734,
                36.58444937344255
              ],
              [
                120.53731063316609,
                36.386519991118334
              ],
              [
                120.50483230064656,
                36.055568300444506
              ],
              [
                120.26971724937702,
                35.98509558315935
              ],
              [
                120.20366958091999,
                36.03586538906755
              ],
              [
                120.19649032066609,
                36.156737886626146
              ],
              [
                120.13933852623249,
                36.19480093594255
              ],
              [
                119.91377547691609,
                36.14344366665544
              ],
              [
                119.97557357261921,
                35.93359717007341
              ],
              [
                119.90734389732624,
                35.768058382231615
              ],
              [
                119.68883040855671,
                35.5449710714406
              ],
              [
                119.06016066978718,
                35.04126700039568
              ],
              [
                119.00324538658406,
                34.939471803862475
              ],
              [
                119.02086165855671,
                34.6919322835988
              ],
              [
                119.29992202232624,
                34.59093054409685
              ],
              [
                119.97359755943562,
                34.13522299404802
              ],
              [
                120.14943221519734,
                33.894332491118334
              ],
              [
                120.34028151939656,
                33.33605536099138
              ],
              [
                120.64058974693562,
                33.04462393398943
              ],
              [
                120.71938613365437,
                32.84798391934099
              ],
              [
                120.66086104820515,
                32.543117128569506
              ],
              [
                120.73830703209187,
                32.46073492642107
              ],
              [
                121.05076125572468,
                32.328048311430834
              ],
              [
                121.23053267906452,
                32.061767183501146
              ],
              [
                121.48366836021687,
                31.948009096342943
              ],
              [
                121.60595992515827,
                31.827626787382982
              ],
              [
                121.64503768394734,
                31.688027940947435
              ],
              [
                121.62330916832234,
                31.618154131132982
              ],
              [
                121.26826766441609,
                31.452338777739428
              ],
              [
                121.49887374351765,
                31.28138693447771
              ],
              [
                121.64023116539265,
                30.926120363432787
              ],
              [
                121.6318693489864,
                30.7927680837697
              ],
              [
                121.56893447349812,
                30.710101686674975
              ],
              [
                121.32843306968952,
                30.69054754849138
              ],
              [
                121.03547194908406,
                30.594703279692553
              ],
              [
                120.60866836021687,
                30.346181474882982
              ],
              [
                120.22693160484577,
                30.25015028591814
              ],
              [
                119.94366744468952,
                30.116218172270678
              ],
              [
                120.43786147545124,
                29.99661024685564
              ],
              [
                120.86273482750202,
                30.187980257231615
              ],
              [
                121.08252242515827,
                30.213830553252123
              ],
              [
                121.15524581383015,
                30.18857916470232
              ],
              [
                121.3912687630489,
                29.922397218901537
              ],
              [
                121.56523421715046,
                29.846555315215014
              ],
              [
                121.77031997154499,
                29.834281526762865
              ],
              [
                121.77436355064656,
                29.7644534933156
              ],
              [
                121.67039016197468,
                29.624536119658373
              ],
              [
                121.36191085289265,
                29.4143501150197
              ],
              [
                121.41146377037312,
                29.344604097563646
              ],
              [
                121.55819991539265,
                29.357616029936693
              ],
              [
                121.64916518638874,
                29.319707475859545
              ],
              [
                121.43251326988484,
                28.836659990507982
              ],
              [
                121.3458357186153,
                28.544379793364428
              ],
              [
                121.35852340172077,
                28.3856635915822
              ],
              [
                121.25970748375202,
                28.182250581938646
              ],
              [
                121.16591170738484,
                28.124896608549975
              ],
              [
                121.00856307457234,
                28.276980959135912
              ],
              [
                120.50590041588093,
                27.59010466213884
              ],
              [
                120.35180953453327,
                27.177013002592943
              ],
              [
                120.08409408043171,
                26.985940538603685
              ],
              [
                119.97135451744343,
                26.788837038237475
              ],
              [
                119.85703566978718,
                26.706031404692553
              ],
              [
                119.60071090172077,
                26.692800127226732
              ],
              [
                119.42890456627156,
                26.590831361967943
              ],
              [
                119.55488875816609,
                26.26721342678728
              ],
              [
                119.43603042076374,
                26.03833922024431
              ],
              [
                119.4703474373653,
                25.77168234463396
              ],
              [
                119.42860701988484,
                25.650926195341967
              ],
              [
                119.33538344810749,
                25.530067049223803
              ],
              [
                119.0958586067989,
                25.440650545317553
              ],
              [
                118.81294539879109,
                24.8494144308156
              ],
              [
                118.53120711754109,
                24.690036379057787
              ],
              [
                118.34562972496296,
                24.467338167387865
              ],
              [
                117.92490676353718,
                24.561727129179857
              ],
              [
                117.86126235435749,
                24.510774217802904
              ],
              [
                117.79609206627156,
                24.42171438809099
              ],
              [
                117.84909347008015,
                24.047095857817553
              ],
              [
                117.4058943123653,
                23.6904731618947
              ],
              [
                116.96271041343952,
                23.556155763823412
              ],
              [
                116.70913222740437,
                23.34602316494646
              ],
              [
                116.4520597786739,
                23.250201784331225
              ],
              [
                116.40389541099812,
                23.199287019926928
              ],
              [
                116.40021804283406,
                22.983321748930834
              ],
              [
                116.34061721275593,
                22.91333159084978
              ],
              [
                115.86004928062702,
                22.83609541531267
              ],
              [
                115.70670607994343,
                22.638873659331225
              ],
              [
                115.30879500816609,
                22.771407686430834
              ],
              [
                115.18552688072468,
                22.745751939970873
              ],
              [
                115.04353621910359,
                22.599364839751146
              ],
              [
                114.8478117317989,
                22.510015093047045
              ],
              [
                114.5587492317989,
                22.46494825955095
              ],
              [
                114.53746322105671,
                22.674502931792162
              ],
              [
                114.30387404869343,
                22.64860113735857
              ],
              [
                113.98913863609577,
                22.552667223173998
              ],
              [
                113.84516433189656,
                22.463439546782396
              ],
              [
                113.71678451011921,
                22.482215486723803
              ],
              [
                113.46257308433796,
                22.7738529073781
              ],
              [
                113.3766203255489,
                22.646646105009935
              ],
              [
                113.41929152916218,
                22.570508562285326
              ],
              [
                113.37770369957234,
                22.16390761013689
              ],
              [
                113.28367904136921,
                22.03033026333513
              ],
              [
                113.09672072838093,
                21.97912176724138
              ],
              [
                112.87131026695515,
                22.061215959746264
              ],
              [
                112.8155622811153,
                21.934060655791185
              ],
              [
                112.81533339927937,
                21.826074205595873
              ],
              [
                112.7495222420528,
                21.756068788725756
              ],
              [
                112.03952315758015,
                21.65928991909685
              ],
              [
                111.83120253990437,
                21.754121385771654
              ],
              [
                111.73399642418171,
                21.70945509548845
              ],
              [
                111.53608230064656,
                21.49307211514177
              ],
              [
                111.43422225425984,
                21.461099230009935
              ],
              [
                111.08559707115437,
                21.479402147490404
              ],
              [
                110.74959853599812,
                21.37706335659685
              ],
              [
                110.5664167733028,
                21.230577074248217
              ],
              [
                110.23882583091999,
                21.28069647427263
              ],
              [
                110.20257094810749,
                21.096425615507982
              ],
              [
                110.07242873619343,
                20.91828878994646
              ],
              [
                110.07721999595906,
                20.867482744414232
              ],
              [
                110.29317000816609,
                20.582110964018725
              ],
              [
                110.41411879966999,
                20.5251956808156
              ],
              [
                110.43365767906452,
                20.436297975737475
              ],
              [
                110.27128890465046,
                20.315265260893725
              ],
              [
                109.9282560677364,
                20.2446723806447
              ],
              [
                109.71159652183796,
                20.568162523466967
              ],
              [
                109.60293105552937,
                20.87918051357927
              ],
              [
                109.60814956138874,
                21.057046495634935
              ],
              [
                109.78676131675984,
                21.406783662993334
              ],
              [
                109.7798185677364,
                21.482984148222826
              ],
              [
                109.51607802818562,
                21.596772752959154
              ],
              [
                109.4143171639278,
                21.56479414578142
              ],
              [
                109.32187941978718,
                21.4312015401906
              ],
              [
                109.11740401695515,
                21.39900930996599
              ],
              [
                108.81303695152546,
                21.493642412382982
              ],
              [
                108.55499556968952,
                21.823396288115404
              ],
              [
                108.46664718101765,
                21.78510435696306
              ],
              [
                108.38727096031452,
                21.53085287686052
              ],
              [
                108.26594069908406,
                21.47342451687517
              ],
              [
                108.11670211265827,
                21.498511873442553
              ],
              [
                107.90002730797077,
                21.47900541897478
              ],
              [
                107.41781142662312,
                21.18578680630388
              ],
              [
                107.46579268883015,
                20.976270281035326
              ],
              [
                106.23413332193499,
                21.69657754222363
              ],
              [
                105.41238593274157,
                21.902014389521984
              ],
              [
                101.85148057957011,
                20.532435407532958
              ],
              [
                101.657367324407,
                19.661170456991734
              ],
              [
                100.43525222252156,
                20.035752855498217
              ],
              [
                100.43059829185749,
                20.226214967924975
              ],
              [
                100.3774748177364,
                20.302108370024584
              ],
              [
                100.22794265390873,
                20.389056301173344
              ],
              [
                101.00763564981274,
                21.423474663076533
              ],
              [
                100.14048314646607,
                23.37456779560655
              ],
              [
                100.50179668952718,
                24.313983007565444
              ],
              [
                98.58264716014986,
                25.400880760258406
              ],
              [
                98.63722518394734,
                27.47874220486345
              ],
              [
                100.68162876825185,
                28.690961624015074
              ],
              [
                102.40610101767813,
                33.720672351508384
              ],
              [
                101.68757091375052,
                36.3073807256478
              ],
              [
                95.51860962044294,
                37.10197545317673
              ],
              [
                91.68578058575658,
                36.36489294650627
              ],
              [
                90,
                36.51230944784036
              ],
              [
                89.91678256974747,
                35.99635169317104
              ],
              [
                90,
                35.62781043983581
              ],
              [
                89.91678256974747,
                35.185560935833536
              ],
              [
                86.82103604173155,
                35.1118526851665
              ],
              [
                82.69337400437699,
                34.743311431831266
              ],
              [
                81.79462389462604,
                34.76804767338405
              ],
              [
                81.25281768294633,
                35.31598039377637
              ],
              [
                92.00189558901448,
                41.909952554641706
              ],
              [
                90,
                43.89717704147783
              ],
              [
                90,
                46.42637184290564
              ],
              [
                93.80846330432006,
                48.05228278668065
              ],
              [
                93.80846330432006,
                48.59425310127232
              ],
              [
                93.26649298972838,
                49.136223415863995
              ],
              [
                93.80846330432006,
                49.67819373045566
              ],
              [
                90,
                50.07330645934762
              ],
              [
                93.97500626557478,
                56.89317354345729
              ],
              [
                109.07678326070727,
                57.59886405724852
              ],
              [
                118.10962183723511,
                56.89317354345729
              ],
              [
                126.43676989997174,
                54.917240104841824
              ],
              [
                136.48705581138876,
                53.65484198208513
              ],
              [
                136.77021316002157,
                53.695357881743334
              ],
              [
                137.04065993736532,
                53.862479768950365
              ],
              [
                137.38286879967,
                53.809806429106615
              ],
              [
                137.12172988365438,
                53.58943899746599
              ],
              [
                137.07131484459188,
                53.48947104092302
              ],
              [
                137.2392378182247,
                53.45651587124529
              ],
              [
                137.97939589927938,
                53.464583955962084
              ],
              [
                138.23403457115438,
                53.571586214262865
              ],
              [
                138.40946486900594,
                53.80512198086443
              ],
              [
                138.416804346545,
                54.091910921294115
              ],
              [
                139.37804702232626,
                54.08039435024919
              ],
              [
                139.80591872642782,
                53.961146913725756
              ],
              [
                140.10245803306844,
                53.80170401211443
              ],
              [
                140.32129958580282,
                53.53564795132341
              ],
              [
                140.7023268074825,
                53.27686270352068
              ],
              [
                140.8936567635372,
                53.197433077055834
              ],
              [
                141.1211958260372,
                53.05163153286638
              ],
              [
                141.08967116783407,
                52.98512228604021
              ],
              [
                140.82819655845907,
                52.825248323637865
              ],
              [
                141.03197768638876,
                52.726073824126146
              ],
              [
                141.09054091881063,
                52.58686407681169
              ],
              [
                140.93949416588094,
                52.261771761137865
              ],
              [
                141.1606245369747,
                52.20920523281755
              ],
              [
                141.2570600838497,
                52.10346182461443
              ],
              [
                141.1263227791622,
                51.8716197835988
              ],
              [
                140.730280909045,
                51.441302858549975
              ],
              [
                140.40453628013876,
                50.827384554106615
              ],
              [
                140.32349685142782,
                50.51783712979021
              ],
              [
                140.45699599693563,
                50.103988252837084
              ],
              [
                140.3282270760372,
                49.35787924404802
              ],
              [
                140.08100417564657,
                48.50260504360857
              ],
              [
                139.21370986412313,
                47.81061514492693
              ],
              [
                139.046687159045,
                47.6151500570363
              ],
              [
                138.94929030845907,
                47.3224254476613
              ],
              [
                138.35157302330282,
                46.873160921294115
              ],
              [
                137.98462966392782,
                46.26929052944841
              ],
              [
                137.720515284045,
                45.99668081875505
              ],
              [
                136.49410537193563,
                44.966029726225756
              ],
              [
                136.28505996177938,
                44.753043733794115
              ],
              [
                136.17924025963094,
                44.54676779385271
              ],
              [
                136.03397658775594,
                44.39840658779802
              ],
              [
                135.6928053231075,
                44.22396811123552
              ],
              [
                135.41475966881063,
                44.036830507475756
              ],
              [
                134.96242812584188,
                43.51504477139177
              ],
              [
                134.5685835213497,
                43.21221502896013
              ],
              [
                134.13894179771688,
                42.99295385952654
              ],
              [
                132.95279982994344,
                42.669540010649584
              ],
              [
                132.82735732506063,
                42.86189993496599
              ],
              [
                132.59443191002157,
                42.89997442837419
              ],
              [
                132.48473647545126,
                42.880492769438646
              ],
              [
                132.33309462974813,
                42.963683687407396
              ],
              [
                132.18178847740438,
                43.19463690396013
              ],
              [
                131.88309768150594,
                43.071979128081225
              ],
              [
                131.67460158775594,
                43.026603304106615
              ],
              [
                131.86515334556844,
                43.29038199063005
              ],
              [
                131.5842085213497,
                43.21272238369646
              ],
              [
                131.06461623619344,
                42.74924048062029
              ],
              [
                130.43509963463154,
                42.276759706694904
              ],
              [
                130.35991958102343,
                42.45350607486133
              ],
              [
                130.43509963473437,
                42.27675970645313
              ],
              [
                129.82471755465625,
                41.861365877107424
              ],
              [
                129.6412611337578,
                41.65584906192188
              ],
              [
                129.59070876559375,
                41.46990545840625
              ],
              [
                129.82843974469887,
                41.3958114269488
              ],
              [
                129.7595665696344,
                40.885779823913026
              ],
              [
                129.47782424410937,
                40.682025514558596
              ],
              [
                129.17704299410937,
                40.63022192569141
              ],
              [
                128.44658950289843,
                40.065867982820315
              ],
              [
                128.2362318368828,
                39.96959265323047
              ],
              [
                127.93131545504687,
                39.95622595401172
              ],
              [
                127.67152694186328,
                39.86643560977344
              ],
              [
                127.44079879244921,
                39.62365683169727
              ],
              [
                127.54414610506075,
                39.37412331535913
              ],
              [
                127.27688888033984,
                39.2216869220293
              ],
              [
                127.4972890295773,
                39.1368089399763
              ],
              [
                127.74502619899877,
                39.118547488284776
              ],
              [
                127.99756117423516,
                38.866510115376755
              ],
              [
                128.3573517710563,
                38.68389424006355
              ],
              [
                128.36355600000013,
                38.625244
              ],
              [
                128.63443,
                38.125549
              ],
              [
                129.063019,
                37.668884000000105
              ],
              [
                129.066376,
                37.62443500000012
              ],
              [
                129.342468,
                37.257217
              ],
              [
                129.362488,
                37.150024
              ],
              [
                129.433594,
                37.058884
              ],
              [
                129.416077,
                36.942215
              ],
              [
                129.47302200000013,
                36.710274
              ],
              [
                129.416931,
                36.616661000000136
              ],
              [
                129.450531,
                36.500549
              ],
              [
                129.438019,
                36.400269
              ],
              [
                129.38192700000013,
                36.3144
              ],
              [
                129.386902,
                36.036018
              ],
              [
                129.457184,
                35.99305
              ],
              [
                129.557251,
                36.078773000000126
              ],
              [
                129.588348,
                36.007645
              ],
              [
                129.464752,
                35.644608
              ],
              [
                129.46637,
                35.537216000000114
              ],
              [
                129.347473,
                35.344994
              ],
              [
                129.277771,
                35.29583
              ],
              [
                129.237488,
                35.18990300000013
              ],
              [
                129.136932,
                35.11221300000011
              ],
              [
                128.978577,
                35.084991
              ],
              [
                128.973907,
                35.134827
              ],
              [
                128.924988,
                35.090828
              ],
              [
                128.810516,
                35.08416
              ],
              [
                128.57275400000015,
                35.169991
              ],
              [
                128.3780210000001,
                35.03611
              ],
              [
                128.372467,
                35.004715
              ],
              [
                128.477173,
                35.05387900000011
              ],
              [
                128.501373,
                35.008331
              ],
              [
                128.434967,
                34.834717000000126
              ],
              [
                128.3355100000001,
                34.871376
              ],
              [
                128.356628,
                34.905266
              ],
              [
                128.329132,
                34.949432
              ],
              [
                128.216064,
                34.93055
              ],
              [
                128.203857,
                34.88832900000011
              ],
              [
                128.06665,
                34.92443800000012
              ],
              [
                128.0205380000001,
                34.986382
              ],
              [
                127.86387600000012,
                34.940269
              ],
              [
                127.767403,
                34.96028100000012
              ],
              [
                127.643051,
                34.900826
              ],
              [
                127.593323,
                34.941658
              ],
              [
                127.576393,
                34.88694
              ],
              [
                127.638603,
                34.81415600000014
              ],
              [
                127.773613,
                34.84388000000013
              ],
              [
                127.747757,
                34.727486
              ],
              [
                127.634987,
                34.614998
              ],
              [
                127.554153,
                34.656097
              ],
              [
                127.567757,
                34.766663
              ],
              [
                127.52249100000017,
                34.856941
              ],
              [
                127.41832000000011,
                34.81860400000011
              ],
              [
                127.363876,
                34.75138900000013
              ],
              [
                127.514427,
                34.591377
              ],
              [
                127.389427,
                34.4711
              ],
              [
                127.315262,
                34.443604
              ],
              [
                127.24359100000015,
                34.511383
              ],
              [
                127.124687,
                34.537216000000114
              ],
              [
                127.20166000000017,
                34.633049
              ],
              [
                127.192749,
                34.569443
              ],
              [
                127.242203,
                34.569443
              ],
              [
                127.328598,
                34.652214
              ],
              [
                127.352768,
                34.692764
              ],
              [
                127.328598,
                34.74305
              ],
              [
                127.00972000000013,
                34.602219
              ],
              [
                126.98552700000016,
                34.526382
              ],
              [
                126.889427,
                34.412491
              ],
              [
                126.800812,
                34.46305100000012
              ],
              [
                126.783333,
                34.587212
              ],
              [
                126.60027300000013,
                34.30027
              ],
              [
                126.478317,
                34.345268
              ],
              [
                126.463318,
                34.484718
              ],
              [
                126.288307,
                34.590271
              ],
              [
                126.265266,
                34.67083
              ],
              [
                126.28942900000015,
                34.742218
              ],
              [
                126.328323,
                34.7347180000001
              ],
              [
                126.45166000000017,
                34.578049
              ],
              [
                126.451393,
                34.648331
              ],
              [
                126.52887,
                34.614159
              ],
              [
                126.618317,
                34.619438000000116
              ],
              [
                126.47692900000015,
                34.724991
              ],
              [
                126.65971400000012,
                34.81276700000012
              ],
              [
                126.59082000000012,
                34.877487
              ],
              [
                126.539978,
                34.873047
              ],
              [
                126.51053600000012,
                34.775551
              ],
              [
                126.37580900000012,
                34.785553
              ],
              [
                126.433594,
                34.963608
              ],
              [
                126.34387200000015,
                34.917496
              ],
              [
                126.318047,
                34.932213
              ],
              [
                126.249153,
                35.116661
              ],
              [
                126.344994,
                35.151657
              ],
              [
                126.359711,
                35.06916
              ],
              [
                126.431374,
                35.023323
              ],
              [
                126.45887800000014,
                35.090546
              ],
              [
                126.360527,
                35.180275
              ],
              [
                126.42192100000011,
                35.406654
              ],
              [
                126.523041,
                35.524994000000106
              ],
              [
                126.68775900000014,
                35.533333
              ],
              [
                126.664993,
                35.59166
              ],
              [
                126.498596,
                35.578049
              ],
              [
                126.474701,
                35.63582600000012
              ],
              [
                126.75193800000011,
                35.778328
              ],
              [
                126.80108600000017,
                35.861664
              ],
              [
                126.78830700000015,
                35.894714
              ],
              [
                126.615257,
                35.890831
              ],
              [
                126.631653,
                35.96720900000014
              ],
              [
                126.872993,
                36.054718
              ],
              [
                126.68533300000013,
                35.999962
              ],
              [
                126.544418,
                36.136406
              ],
              [
                126.464432,
                36.574715
              ],
              [
                126.527206,
                36.592766
              ],
              [
                126.49720800000011,
                36.72387700000013
              ],
              [
                126.347488,
                36.73999
              ],
              [
                126.303589,
                36.692764000000125
              ],
              [
                126.336929,
                36.645546
              ],
              [
                126.293053,
                36.58194
              ],
              [
                126.272774,
                36.717491
              ],
              [
                126.17276000000015,
                36.67276800000013
              ],
              [
                126.12359600000013,
                36.70916000000011
              ],
              [
                126.12886000000015,
                36.751663
              ],
              [
                126.19166600000017,
                36.819885
              ],
              [
                126.184418,
                36.878326
              ],
              [
                126.291092,
                36.962494
              ],
              [
                126.32166300000017,
                36.884438
              ],
              [
                126.28942900000015,
                36.785828
              ],
              [
                126.401093,
                36.85193600000014
              ],
              [
                126.413597,
                36.93332700000013
              ],
              [
                126.348328,
                36.95249200000012
              ],
              [
                126.35582,
                36.996384
              ],
              [
                126.442467,
                36.99971800000014
              ],
              [
                126.483322,
                36.84249100000011
              ],
              [
                126.51416,
                36.941376
              ],
              [
                126.502487,
                37.052773
              ],
              [
                126.61998000000017,
                36.9727630000001
              ],
              [
                126.781097,
                36.963608
              ],
              [
                126.830551,
                36.894157
              ],
              [
                126.83859300000017,
                36.75332600000013
              ],
              [
                127.000229,
                36.929718
              ],
              [
                126.908043,
                36.919441
              ],
              [
                126.752777,
                37.04860700000012
              ],
              [
                126.776382,
                37.123604
              ],
              [
                126.86525700000016,
                37.140831
              ],
              [
                126.869141,
                37.176384
              ],
              [
                126.769989,
                37.174164
              ],
              [
                126.69442700000013,
                37.12165800000014
              ],
              [
                126.661102,
                37.156097
              ],
              [
                126.661926,
                37.253883
              ],
              [
                126.766098,
                37.231934
              ],
              [
                126.865807,
                37.266937
              ],
              [
                126.843323,
                37.30832700000013
              ],
              [
                126.722214,
                37.328049
              ],
              [
                126.74192800000014,
                37.386787
              ],
              [
                126.65637200000015,
                37.411102
              ],
              [
                126.621918,
                37.481377
              ],
              [
                126.67442300000016,
                37.488045
              ],
              [
                126.658867,
                37.554993
              ],
              [
                126.55330700000013,
                37.638329
              ],
              [
                126.53862505140062,
                37.686858520953095
              ],
              [
                126.513893,
                37.59721400000012
              ],
              [
                126.418869,
                37.59249100000011
              ],
              [
                126.375259,
                37.61721
              ],
              [
                126.36683750247411,
                37.687986388578764
              ],
              [
                126.33043197116015,
                37.66143377871875
              ],
              [
                126.20971969088671,
                37.75405081363086
              ],
              [
                126.07485170368547,
                37.74737094687976
              ]
            ],
            [
              [
                127.068047,
                38.259995
              ],
              [
                127.058029,
                38.253883
              ],
              [
                127.06023042684792,
                38.255226094519315
              ],
              [
                127.068047,
                38.259995
              ]
            ],
            [
              [
                128.313599,
                38.531937
              ],
              [
                128.312744,
                38.51416
              ],
              [
                128.313599,
                38.520546
              ],
              [
                128.313599,
                38.531937
              ]
            ],
            [
              [
                128.279694,
                38.43027500000011
              ],
              [
                128.260529,
                38.411659
              ],
              [
                128.26961771441506,
                38.42048735938179
              ],
              [
                128.279694,
                38.43027500000011
              ]
            ]
          ],
          [
            [
              [
                126.445534,
                33.229431
              ],
              [
                126.330833,
                33.225548
              ],
              [
                126.26638800000012,
                33.190826
              ],
              [
                126.170532,
                33.262497
              ],
              [
                126.158333,
                33.314713
              ],
              [
                126.31749,
                33.452774
              ],
              [
                126.633614,
                33.531662
              ],
              [
                126.821381,
                33.550545
              ],
              [
                126.898041,
                33.52332300000012
              ],
              [
                126.941093,
                33.45388
              ],
              [
                126.843048,
                33.308327
              ],
              [
                126.599426,
                33.23333000000014
              ],
              [
                126.445534,
                33.229431
              ]
            ]
          ],
          [
            [
              [
                126.648041,
                34.320274
              ],
              [
                126.65776100000016,
                34.375549
              ],
              [
                126.694138,
                34.38916
              ],
              [
                126.77498600000013,
                34.286942
              ],
              [
                126.70082100000013,
                34.284164
              ],
              [
                126.648041,
                34.320274
              ]
            ]
          ],
          [
            [
              [
                127.1141510000001,
                34.463882000000126
              ],
              [
                127.213043,
                34.48555
              ],
              [
                127.245819,
                34.465828
              ],
              [
                127.219437,
                34.420547
              ],
              [
                127.160538,
                34.414436
              ],
              [
                127.1141510000001,
                34.463882000000126
              ]
            ]
          ],
          [
            [
              [
                127.711929,
                34.526657
              ],
              [
                127.77082800000017,
                34.53833
              ],
              [
                127.798317,
                34.484993000000145
              ],
              [
                127.711929,
                34.526657
              ]
            ]
          ],
          [
            [
              [
                126.10608700000012,
                34.387215
              ],
              [
                126.10192900000015,
                34.424995
              ],
              [
                126.243317,
                34.573326
              ],
              [
                126.380257,
                34.494713
              ],
              [
                126.342484,
                34.401382
              ],
              [
                126.186653,
                34.351387
              ],
              [
                126.10608700000012,
                34.387215
              ]
            ]
          ],
          [
            [
              [
                127.739967,
                34.604439
              ],
              [
                127.76805100000013,
                34.66415400000011
              ],
              [
                127.81218700000011,
                34.64138800000012
              ],
              [
                127.799713,
                34.57222
              ],
              [
                127.739967,
                34.604439
              ]
            ]
          ],
          [
            [
              [
                125.91442900000015,
                34.685822
              ],
              [
                125.981369,
                34.716934
              ],
              [
                126.008614,
                34.691376
              ],
              [
                125.971916,
                34.647217000000126
              ],
              [
                125.91442900000015,
                34.685822
              ]
            ]
          ],
          [
            [
              [
                126.005257,
                34.768326000000116
              ],
              [
                125.945251,
                34.754715
              ],
              [
                125.932213,
                34.718323
              ],
              [
                125.88832100000013,
                34.732491
              ],
              [
                125.908333,
                34.772766
              ],
              [
                126.0008160000001,
                34.791939
              ],
              [
                126.005257,
                34.768326000000116
              ]
            ]
          ],
          [
            [
              [
                127.973312,
                34.851936
              ],
              [
                128.024139,
                34.913879
              ],
              [
                128.085785,
                34.830276
              ],
              [
                127.973312,
                34.851936
              ]
            ]
          ],
          [
            [
              [
                126.002213,
                34.890274
              ],
              [
                126.06275900000014,
                34.928329
              ],
              [
                126.094437,
                34.909714
              ],
              [
                126.063599,
                34.854439
              ],
              [
                125.986923,
                34.860825
              ],
              [
                126.002213,
                34.890274
              ]
            ]
          ],
          [
            [
              [
                128.055542,
                34.813324
              ],
              [
                128.060791,
                34.701103
              ],
              [
                127.97720300000015,
                34.697769
              ],
              [
                127.860527,
                34.719711
              ],
              [
                127.82222000000013,
                34.843048
              ],
              [
                127.898613,
                34.933052
              ],
              [
                127.93609600000013,
                34.911377
              ],
              [
                127.909149,
                34.84721400000012
              ],
              [
                127.9561,
                34.800827
              ],
              [
                128.055542,
                34.813324
              ]
            ]
          ],
          [
            [
              [
                128.636108,
                34.707214
              ],
              [
                128.58523600000012,
                34.70388
              ],
              [
                128.597748,
                34.834991
              ],
              [
                128.526093,
                34.80582400000014
              ],
              [
                128.490509,
                34.868881
              ],
              [
                128.71109000000013,
                34.976654
              ],
              [
                128.754425,
                34.882767
              ],
              [
                128.741913,
                34.781662
              ],
              [
                128.636108,
                34.707214
              ]
            ]
          ],
          [
            [
              [
                126.0599820000001,
                35.090828
              ],
              [
                126.162201,
                35.143326000000116
              ],
              [
                126.10608700000012,
                35.046944
              ],
              [
                126.059418,
                35.055267
              ],
              [
                126.0599820000001,
                35.090828
              ]
            ]
          ],
          [
            [
              [
                126.33582300000012,
                36.438599
              ],
              [
                126.32499700000017,
                36.565544
              ],
              [
                126.376373,
                36.590828
              ],
              [
                126.431931,
                36.403877000000136
              ],
              [
                126.33582300000012,
                36.438599
              ]
            ]
          ],
          [
            [
              [
                126.172447,
                36.836838
              ],
              [
                126.16943400000014,
                36.82582900000011
              ],
              [
                126.159149,
                36.827774
              ],
              [
                126.172447,
                36.836838
              ]
            ]
          ],
          [
            [
              [
                130.80581700000016,
                37.507217
              ],
              [
                130.919434,
                37.545273
              ],
              [
                130.920807,
                37.476654
              ],
              [
                130.887482,
                37.453323
              ],
              [
                130.81884800000012,
                37.467766
              ],
              [
                130.80581700000016,
                37.507217
              ]
            ]
          ],
          [
            [
              [
                124.609711,
                37.957214000000135
              ],
              [
                124.709991,
                37.984161
              ],
              [
                124.746643,
                37.954712
              ],
              [
                124.651932,
                37.914436
              ],
              [
                124.609711,
                37.957214000000135
              ]
            ]
          ]
        ]
      }
    },
    {
      "type": "Feature",
      "properties": {
        "id": "byzantine_empire",
        "name": "Byzantine Empire"
      },
      "geometry": {
        "type": "MultiPolygon",
        "coordinates": [
          [
            [
              [
                34.35,
                35.607
              ],
              [
                34.59,
                35.69
              ],
              [
                34.57,
                35.644
              ],
              [
                33.948,
                35.307
              ],
              [
                33.906,
                35.242
              ],
              [
                33.902,
                35.162
              ],
              [
                34.083,
                34.959
              ],
              [
                33.977,
                34.981
              ],
              [
                33.859,
                34.937
              ],
              [
                33.79,
                34.97
              ],
              [
                33.677,
                34.966
              ],
              [
                33.607,
                34.82
              ],
              [
                33.365,
                34.725
              ],
              [
                33.06,
                34.679
              ],
              [
                33.007,
                34.632
              ],
              [
                33.031,
                34.563
              ],
              [
                32.942,
                34.563
              ],
              [
                32.918,
                34.629
              ],
              [
                32.859,
                34.666
              ],
              [
                32.698,
                34.642
              ],
              [
                32.407,
                34.749
              ],
              [
                32.274,
                35.044
              ],
              [
                32.282,
                35.097
              ],
              [
                32.369,
                35.04
              ],
              [
                32.439,
                35.05
              ],
              [
                32.549,
                35.174
              ],
              [
                32.661,
                35.19
              ],
              [
                32.831,
                35.142
              ],
              [
                32.883,
                35.162
              ],
              [
                32.932,
                35.264
              ],
              [
                32.921,
                35.393
              ],
              [
                33.385,
                35.328
              ],
              [
                33.632,
                35.35
              ],
              [
                33.97,
                35.436
              ],
              [
                34.35,
                35.607
              ]
            ]
          ],
          [
            [
              [
                25.76635112135116,
                36.33755930622052
              ],
              [
                25.713135546885383,
                36.34980613615219
              ],
              [
                25.789157796122215,
                36.40489303146257
              ],
              [
                25.872782270282734,
                36.35592882884054
              ],
              [
                25.76635112135116,
                36.33755930622052
              ]
            ]
          ],
          [
            [
              [
                25.492671024098556,
                36.331435169041356
              ],
              [
                25.386239875166982,
                36.319185450416924
              ],
              [
                25.31781985085383,
                36.39877419215787
              ],
              [
                25.37103542531962,
                36.49661778527289
              ],
              [
                25.492671024098556,
                36.42324665835019
              ],
              [
                25.492671024098556,
                36.331435169041356
              ]
            ]
          ],
          [
            [
              [
                26.024826768756405,
                36.95968659606273
              ],
              [
                26.085644568145874,
                36.89891612690345
              ],
              [
                25.834771145664316,
                36.78331883149609
              ],
              [
                25.751146671503797,
                36.78331883149609
              ],
              [
                25.751146671503797,
                36.81375611186905
              ],
              [
                25.857577820435367,
                36.83809722624421
              ],
              [
                26.024826768756405,
                36.95968659606273
              ]
            ]
          ],
          [
            [
              [
                24.67923295726441,
                36.75896029963509
              ],
              [
                24.46637065940127,
                36.649251177336765
              ],
              [
                24.29912171108023,
                36.75286945753905
              ],
              [
                24.588006258180208,
                36.86851272864293
              ],
              [
                24.67923295726441,
                36.75896029963509
              ]
            ]
          ],
          [
            [
              [
                24.97571972928807,
                36.637051610171376
              ],
              [
                24.94531082959334,
                36.56991946228899
              ],
              [
                24.8236752308144,
                36.661448812220584
              ],
              [
                24.876890805280183,
                36.679741640978875
              ],
              [
                24.97571972928807,
                36.637051610171376
              ]
            ]
          ],
          [
            [
              [
                25.10495755299069,
                36.637051610171376
              ],
              [
                25.05934420344859,
                36.618748636935905
              ],
              [
                25.044139753601222,
                36.661448812220584
              ],
              [
                25.16577535238016,
                36.74068632260297
              ],
              [
                25.196184252074893,
                36.673644514576154
              ],
              [
                25.10495755299069,
                36.637051610171376
              ]
            ]
          ],
          [
            [
              [
                25.431853224709084,
                36.6980301207178
              ],
              [
                25.386239875166982,
                36.637051610171376
              ],
              [
                25.26460427638805,
                36.704125314038706
              ],
              [
                25.241797601616994,
                36.75286945753905
              ],
              [
                25.29501317608278,
                36.807669623462985
              ],
              [
                25.431853224709084,
                36.6980301207178
              ]
            ]
          ],
          [
            [
              [
                24.42835953478285,
                37.20833853996449
              ],
              [
                24.534790683714423,
                37.11746294371295
              ],
              [
                24.44356398463022,
                37.0992747162255
              ],
              [
                24.42835953478285,
                37.20833853996449
              ]
            ]
          ],
          [
            [
              [
                24.261110586461815,
                37.540613155635555
              ],
              [
                24.29912171108023,
                37.66107502189996
              ],
              [
                24.39795063508812,
                37.667092994189616
              ],
              [
                24.382746185240748,
                37.570746906161986
              ],
              [
                24.261110586461815,
                37.540613155635555
              ]
            ]
          ],
          [
            [
              [
                24.3599395104697,
                37.39580161737422
              ],
              [
                24.39795063508812,
                37.46824245164144
              ],
              [
                24.48917733417232,
                37.39580161737422
              ],
              [
                24.3599395104697,
                37.30515202694268
              ],
              [
                24.3599395104697,
                37.39580161737422
              ]
            ]
          ],
          [
            [
              [
                24.84648190558545,
                37.36559724964213
              ],
              [
                24.861686355432816,
                37.52855624381453
              ],
              [
                24.94531082959334,
                37.51046722146939
              ],
              [
                25.044139753601222,
                37.377680456560746
              ],
              [
                24.84648190558545,
                37.36559724964213
              ]
            ]
          ],
          [
            [
              [
                25.469864349327505,
                37.43806729073237
              ],
              [
                25.31781985085383,
                37.40184103098311
              ],
              [
                24.65642628249336,
                37.901413077728705
              ],
              [
                24.76285743142493,
                38.003319956303606
              ],
              [
                25.27220650131173,
                37.56472113091166
              ],
              [
                25.469864349327505,
                37.43806729073237
              ]
            ]
          ],
          [
            [
              [
                24.67923295726441,
                36.90499535372954
              ],
              [
                24.648824057569676,
                37.014338584785854
              ],
              [
                24.71724408188283,
                37.050751425742014
              ],
              [
                24.78566410619598,
                36.947536378182036
              ],
              [
                24.67923295726441,
                36.90499535372954
              ]
            ]
          ],
          [
            [
              [
                25.112559777914374,
                36.94146054239683
              ],
              [
                24.937708604669652,
                36.95968659606273
              ],
              [
                25.15057090253279,
                37.17200141281893
              ],
              [
                25.31021762593015,
                37.19622810717101
              ],
              [
                25.31021762593015,
                37.00219709179456
              ],
              [
                25.112559777914374,
                36.94146054239683
              ]
            ]
          ],
          [
            [
              [
                25.599102173030126,
                37.026478138264174
              ],
              [
                25.545886598564337,
                36.95968659606273
              ],
              [
                25.454659899480134,
                36.9232301280182
              ],
              [
                25.36343320039593,
                37.00826808071462
              ],
              [
                25.34062652562488,
                37.087146804747654
              ],
              [
                25.538284373640657,
                37.220447029530426
              ],
              [
                25.60670439795381,
                37.12352471549815
              ],
              [
                25.599102173030126,
                37.026478138264174
              ]
            ]
          ],
          [
            [
              [
                23.409661395009252,
                38.943672845059965
              ],
              [
                23.78977264119343,
                38.71863293758614
              ],
              [
                24.131872762759194,
                38.65335708482884
              ],
              [
                24.207895011996026,
                38.5523591317064
              ],
              [
                24.291519486156545,
                38.19476089687233
              ],
              [
                24.588006258180208,
                38.15292605377605
              ],
              [
                24.527188458790736,
                37.967368965721576
              ],
              [
                24.3143261609276,
                37.98534666287396
              ],
              [
                24.02544161382762,
                38.38569989188942
              ],
              [
                23.660534817490806,
                38.40357465937644
              ],
              [
                23.59971701810134,
                38.45717244335585
              ],
              [
                23.63772814271976,
                38.52262680680808
              ],
              [
                23.120776847909273,
                38.86676557896794
              ],
              [
                22.869903425427715,
                38.83716368115139
              ],
              [
                23.014345698977706,
                38.961408842619434
              ],
              [
                23.242412446688213,
                39.04411813294447
              ],
              [
                23.409661395009252,
                38.943672845059965
              ]
            ]
          ],
          [
            [
              [
                26.393214258654364,
                38.104362093169115
              ],
              [
                26.391598734362372,
                38.21912726040544
              ],
              [
                26.46871093223835,
                38.44475897427263
              ],
              [
                26.742451700670966,
                38.27838858242693
              ],
              [
                26.99743178795124,
                38.40005835171404
              ],
              [
                26.819674524767645,
                38.52725180264177
              ],
              [
                26.828822168810614,
                38.58296164150896
              ],
              [
                26.695696863634833,
                38.640765749174975
              ],
              [
                26.709471735461005,
                38.698573671538256
              ],
              [
                26.96638015220905,
                38.76993139858904
              ],
              [
                27.034913095934638,
                38.821097933012865
              ],
              [
                27.00422004173542,
                38.884826265532396
              ],
              [
                26.936802896960028,
                38.92456396694841
              ],
              [
                26.785336527331122,
                38.940333925444506
              ],
              [
                26.789847406847723,
                39.02442511196794
              ],
              [
                26.87075141380573,
                39.055968843657396
              ],
              [
                26.707943949206122,
                39.182128511626146
              ],
              [
                26.704054865343817,
                39.250472627837084
              ],
              [
                26.60224250267292,
                39.255729280669115
              ],
              [
                26.853512796862372,
                39.46076925869646
              ],
              [
                26.926152262194403,
                39.476546846587084
              ],
              [
                26.957518610461005,
                39.54832800503435
              ],
              [
                26.804265055163153,
                39.56715353604021
              ],
              [
                26.138976129992255,
                39.43973883267107
              ],
              [
                26.064057383044013,
                39.45551260586443
              ],
              [
                26.084887537462958,
                39.60400732632341
              ],
              [
                26.141903910143622,
                39.660583101469896
              ],
              [
                26.127575907213934,
                39.878558717924975
              ],
              [
                26.186009439928778,
                39.99719580288591
              ],
              [
                26.3203344673946,
                39.99192389126482
              ],
              [
                26.40305236290241,
                40.17649038906755
              ],
              [
                26.4817114205196,
                40.187038027007006
              ],
              [
                26.76528266380573,
                40.37694128628435
              ],
              [
                26.996474298937567,
                40.371661745268725
              ],
              [
                27.056124720080145,
                40.42969473477068
              ],
              [
                27.271754297716864,
                40.45080908413591
              ],
              [
                27.3292341561153,
                40.355834566313646
              ],
              [
                27.449610743029364,
                40.30979498501482
              ],
              [
                27.763894114001044,
                40.28725393887224
              ],
              [
                27.830164942248114,
                40.34528311367693
              ],
              [
                27.799843821032294,
                40.403319917876146
              ],
              [
                27.679287943346747,
                40.4613529073781
              ],
              [
                27.807831797106513,
                40.50357016201677
              ],
              [
                27.95380500267292,
                40.48773916836443
              ],
              [
                28.00645926903034,
                40.45080908413591
              ],
              [
                27.908217463000067,
                40.35055502529802
              ],
              [
                28.477719339831122,
                40.39510305996599
              ],
              [
                29.05242446373249,
                40.33473166104021
              ],
              [
                29.122286829455145,
                40.413871370512865
              ],
              [
                29.083527597887763,
                40.45607718105974
              ],
              [
                28.873215708239325,
                40.471908174712084
              ],
              [
                28.777958902819403,
                40.524676881987475
              ],
              [
                28.9016218514278,
                40.62010534878435
              ],
              [
                29.713147196276434,
                40.693561159331225
              ],
              [
                29.882718119127997,
                40.746356569487475
              ],
              [
                29.32035544822956,
                40.741073213774584
              ],
              [
                29.289643320544013,
                40.806686006743334
              ],
              [
                29.014533075793036,
                40.97867163296404
              ],
              [
                29.161208185656317,
                41.21636541958513
              ],
              [
                29.5777807564571,
                41.153365694243334
              ],
              [
                30.13762381981159,
                41.131835542876146
              ],
              [
                30.256087336046942,
                41.18466528530779
              ],
              [
                30.744805368883856,
                41.04032477017107
              ],
              [
                31.217682871325263,
                41.05409201260271
              ],
              [
                31.404126200182684,
                41.163539491850756
              ],
              [
                31.385666880114325,
                41.28504141445818
              ],
              [
                32.687911066515696,
                41.845973573882006
              ],
              [
                33.15546325157429,
                41.94960745449724
              ],
              [
                33.55554107139851,
                41.982501589018725
              ],
              [
                34.66290954063679,
                41.87558325405779
              ],
              [
                35.001868280871165,
                42.04316290493669
              ],
              [
                35.09883025596882,
                41.80586203213396
              ],
              [
                35.286074671252024,
                41.67147787686052
              ],
              [
                35.41143706749226,
                41.626815401274584
              ],
              [
                35.67785552452351,
                41.62093313809099
              ],
              [
                35.95779326866413,
                41.68564566250505
              ],
              [
                36.16136840294148,
                41.35250052090349
              ],
              [
                36.38289550255085,
                41.23751791592302
              ],
              [
                36.641245874865305,
                41.31498297329607
              ],
              [
                36.81701186607624,
                41.28968390103044
              ],
              [
                37.252825769884836,
                41.02772101040544
              ],
              [
                37.821841272814524,
                41.00963171597185
              ],
              [
                38.31396392296101,
                40.92090185757341
              ],
              [
                38.65118316124226,
                40.921569429594896
              ],
              [
                39.13864425133015,
                41.04431875820818
              ],
              [
                39.37017730186726,
                41.06399878140154
              ],
              [
                40.00671294639851,
                40.95632895107927
              ],
              [
                40.36101439903523,
                40.96344336147966
              ],
              [
                40.60989287803913,
                41.02802618618669
              ],
              [
                41.29311660240437,
                41.28582342739763
              ],
              [
                41.52111342857624,
                41.46583517666521
              ],
              [
                41.666113886339915,
                41.729152284819506
              ],
              [
                41.65183547447468,
                42.1206432210988
              ],
              [
                41.502722773058665,
                42.608478151518725
              ],
              [
                41.40974334190632,
                42.78824194546404
              ],
              [
                41.12255385826374,
                43.019088350493334
              ],
              [
                43.836868917456485,
                42.89689749622059
              ],
              [
                44.3912657891253,
                42.61969906038618
              ],
              [
                44.3912657891253,
                41.88050323149442
              ],
              [
                44.20646683190236,
                41.51090531704855
              ],
              [
                43.1900725671762,
                40.30971209509945
              ],
              [
                36.16771219270454,
                30.422967883672243
              ],
              [
                35.111590418322336,
                28.072061144072435
              ],
              [
                34.76388076256062,
                28.096747957426928
              ],
              [
                34.798899683459055,
                28.230243288237475
              ],
              [
                34.88559249351765,
                28.357480608183764
              ],
              [
                35.025679621203196,
                28.948632799345873
              ],
              [
                35.09547332237507,
                29.342677675444506
              ],
              [
                35.0733976692989,
                29.418868623930834
              ],
              [
                34.98467925499226,
                29.46721991177263
              ],
              [
                34.76433471153523,
                29.24668654080095
              ],
              [
                34.54894927452351,
                28.731626115996264
              ],
              [
                34.32201293419148,
                27.828979097563646
              ],
              [
                34.24119857261921,
                27.75892027493181
              ],
              [
                34.0580053658321,
                27.79031332607927
              ],
              [
                33.85604384849812,
                28.024955354887865
              ],
              [
                33.50405791710163,
                28.329183183867357
              ],
              [
                33.33074096153523,
                28.551192842680834
              ],
              [
                33.17847350548054,
                28.995608888823412
              ],
              [
                32.94378188560749,
                29.19842108364763
              ],
              [
                32.647959742052805,
                29.85220106716814
              ],
              [
                32.43838027427937,
                29.775519930083178
              ],
              [
                32.318491968615305,
                29.54019697781267
              ],
              [
                32.64934447716023,
                28.765781007964037
              ],
              [
                32.934676203234446,
                28.37882574673357
              ],
              [
                33.35421660850788,
                27.90954741116228
              ],
              [
                33.566939386828196,
                27.36995085354509
              ],
              [
                33.80406478355671,
                26.93206938381853
              ],
              [
                33.928809198839915,
                26.56382330532732
              ],
              [
                34.10422042320515,
                26.354524217802904
              ],
              [
                34.514842066271555,
                25.573916994292162
              ],
              [
                35.189864191515696,
                24.39991911526384
              ],
              [
                32.748931484080174,
                23.770205423646452
              ],
              [
                31.64013774074255,
                23.770205423646452
              ],
              [
                30.808542433239328,
                23.862604902257928
              ],
              [
                28.406155989341126,
                27.743383003939627
              ],
              [
                26.742965374334684,
                28.574978311442855
              ],
              [
                22.30779040098416,
                29.960970490614894
              ],
              [
                21.291396136257998,
                29.960970490614894
              ],
              [
                19.351007085417145,
                29.406573618946076
              ],
              [
                18.61181125652539,
                29.406573618946076
              ],
              [
                14.453834719009276,
                31.162163712563995
              ],
              [
                9.833860788435814,
                32.917753806181906
              ],
              [
                8.632667566486717,
                34.02654754951954
              ],
              [
                7.985871216206434,
                35.504939207303046
              ],
              [
                6.784677994257332,
                35.87453712174893
              ],
              [
                6.047393831713446,
                36.84155615444841
              ],
              [
                6.322870287401923,
                37.09064825649919
              ],
              [
                6.77053740928913,
                36.862147890288256
              ],
              [
                6.923042807085761,
                36.81784018154802
              ],
              [
                7.063241037829169,
                36.881854616362475
              ],
              [
                7.306981119616278,
                37.060782991606615
              ],
              [
                7.544922861559638,
                37.04214438076677
              ],
              [
                7.719043287737616,
                36.95327719326677
              ],
              [
                7.792040857775458,
                36.83235891934099
              ],
              [
                7.913174662096747,
                36.77524908657732
              ],
              [
                8.636709246142157,
                36.88525732632341
              ],
              [
                8.86551860283161,
                36.96835287686052
              ],
              [
                9.150280031664618,
                37.17287405605974
              ],
              [
                9.416118654711493,
                37.27537878628435
              ],
              [
                9.732199701769598,
                37.2823978292531
              ],
              [
                10.02135470817829,
                37.200133882719896
              ],
              [
                10.132734331591376,
                37.10474737759294
              ],
              [
                10.271508249743231,
                36.7545543539113
              ],
              [
                10.392797502978095,
                36.716571413237475
              ],
              [
                10.5805826515987,
                36.793422304350756
              ],
              [
                10.84325126121784,
                36.99148901577654
              ],
              [
                11.023757013781317,
                37.068324648100756
              ],
              [
                11.039403948290595,
                36.90904577847185
              ],
              [
                10.920062098009833,
                36.65393789883318
              ],
              [
                10.63341239403034,
                36.42401465054216
              ],
              [
                10.509244951708563,
                36.213553987700365
              ],
              [
                10.511460337145575,
                36.08616980190935
              ],
              [
                10.602607759936102,
                35.88894613857927
              ],
              [
                10.8308267922237,
                35.679278932768725
              ],
              [
                10.988951715929755,
                35.622298799712084
              ],
              [
                11.125108751757391,
                35.24060782070818
              ],
              [
                10.839357408983954,
                34.80115469570818
              ],
              [
                10.57402518699909,
                34.6481090414113
              ],
              [
                10.116421732409247,
                34.2341686117238
              ],
              [
                10.019480738146552,
                34.081473909575365
              ],
              [
                10.148656877978095,
                33.87839850063982
              ],
              [
                10.41260055015827,
                33.63112600918474
              ],
              [
                10.650217089159735,
                33.49818380947771
              ],
              [
                10.77814010093952,
                33.47303351040544
              ],
              [
                10.956539186938056,
                33.575057588774584
              ],
              [
                11.099118265612372,
                33.53722723599138
              ],
              [
                11.208920511706122,
                33.25152166958513
              ],
              [
                12.117019686205634,
                32.87850149746599
              ],
              [
                12.564756426317938,
                32.73963888760271
              ],
              [
                12.798863443835028,
                32.73376806851091
              ],
              [
                13.187125238878973,
                32.79175909634294
              ],
              [
                14.157023462755927,
                32.67937811489763
              ],
              [
                14.433427843554266,
                32.46390875454607
              ],
              [
                14.790810617907294,
                32.362994753081225
              ],
              [
                15.009786638720282,
                32.3634410726613
              ],
              [
                15.163704905016669,
                32.274806581694506
              ],
              [
                15.241435083849677,
                32.17330130215349
              ],
              [
                15.358129534228095,
                31.80502279873552
              ],
              [
                15.533408197863348,
                31.551215730864428
              ],
              [
                15.84332564781452,
                31.28500326748552
              ],
              [
                16.318387064440497,
                31.165261827666185
              ],
              [
                16.782519373400458,
                31.128097139555834
              ],
              [
                17.421629938586005,
                30.99598654385271
              ],
              [
                17.957158121569403,
                30.768363558012865
              ],
              [
                18.915026697619208,
                30.204860292632006
              ],
              [
                19.12453940829391,
                30.198943696931643
              ],
              [
                19.3228159280693,
                30.256539903596682
              ],
              [
                19.66391471346969,
                30.44150122256641
              ],
              [
                19.981537851897425,
                30.721730791047854
              ],
              [
                20.11676886996383,
                30.957103334382815
              ],
              [
                20.116679224474677,
                31.07146795864763
              ],
              [
                19.992096933825263,
                31.350774370390795
              ],
              [
                19.941582712633856,
                31.611169420439623
              ],
              [
                19.961470636828192,
                31.795470796782396
              ],
              [
                20.068364176256903,
                32.037135683257006
              ],
              [
                20.365721735461005,
                32.29824026699724
              ],
              [
                20.5155248970821,
                32.387511812407396
              ],
              [
                21.054497751696356,
                32.630050264555834
              ],
              [
                21.673419031603583,
                32.8155895101613
              ],
              [
                22.215989145739325,
                32.79128988857927
              ],
              [
                22.543126139147528,
                32.722072206694506
              ],
              [
                22.92284682701374,
                32.55765875454607
              ],
              [
                23.00733283470417,
                32.48158987637224
              ],
              [
                23.026656183703192,
                32.25291021938982
              ],
              [
                23.153338465197333,
                32.138812624174975
              ],
              [
                23.714034113390692,
                32.07642325039568
              ],
              [
                24.034403833849677,
                31.937314592558764
              ],
              [
                24.815857920153388,
                31.9071536886281
              ],
              [
                24.951525721056708,
                31.818492494780443
              ],
              [
                24.982237848742255,
                31.647012315947435
              ],
              [
                25.106553110583075,
                31.513841234404467
              ],
              [
                25.25822928856159,
                31.437919222075365
              ],
              [
                25.78950026939655,
                31.489841066557787
              ],
              [
                26.14333442161823,
                31.490577303130053
              ],
              [
                27.763331446154364,
                31.182614885527514
              ],
              [
                27.9194498390987,
                30.99868544216814
              ],
              [
                28.517182383044013,
                30.961799226958178
              ],
              [
                28.966422113878973,
                30.784841142851732
              ],
              [
                29.248847040636786,
                30.753661714751146
              ],
              [
                29.683102640612372,
                31.05317076321306
              ],
              [
                30.099139246447333,
                31.231925569731615
              ],
              [
                30.995955500109442,
                31.468850694853685
              ],
              [
                31.71741584251667,
                31.38775213833513
              ],
              [
                31.808123621447333,
                31.178281389433764
              ],
              [
                32.07651046226765,
                31.013650499541185
              ],
              [
                32.30937865684773,
                31.084018312651537
              ],
              [
                32.59724334190632,
                30.963901125151537
              ],
              [
                32.76873305748249,
                30.95155295010271
              ],
              [
                33.02139190147663,
                31.132072054106615
              ],
              [
                33.12956527183796,
                31.051686845976732
              ],
              [
                33.557601007921946,
                30.967715822417162
              ],
              [
                33.916968378527415,
                31.070052705962084
              ],
              [
                34.19527724693562,
                31.23814161892595
              ],
              [
                34.50065902183796,
                31.621099077422045
              ],
              [
                34.59913543175007,
                31.817897402007006
              ],
              [
                34.758502039416086,
                32.300719820219896
              ],
              [
                34.84289077232624,
                32.670699678618334
              ],
              [
                34.894969019396555,
                32.662833772856615
              ],
              [
                34.956587824328196,
                32.704818330962084
              ],
              [
                34.97200683067585,
                32.938407503325365
              ],
              [
                35.088973078234446,
                33.069259248930834
              ],
              [
                35.13231185386921,
                33.23151739712419
              ],
              [
                35.356089624865305,
                33.63978155728044
              ],
              [
                35.34855941246296,
                33.74446829434099
              ],
              [
                35.42986586998249,
                33.74446829434099
              ],
              [
                35.49185088585163,
                33.83082541104021
              ],
              [
                35.532080683214915,
                34.118705354887865
              ],
              [
                35.7162084908321,
                34.312369905669115
              ],
              [
                35.82100585411335,
                34.343776308257006
              ],
              [
                35.873065027697336,
                34.422286592680834
              ],
              [
                35.7507543892696,
                34.74680670376482
              ],
              [
                35.80885222862507,
                35.01379736538591
              ],
              [
                35.841380152209055,
                35.04263266201677
              ],
              [
                35.796431574328196,
                35.270717226225756
              ],
              [
                35.60734084556843,
                35.41754492397966
              ],
              [
                35.663958582384836,
                35.45949514980974
              ],
              [
                35.7331762642696,
                35.58536108608904
              ],
              [
                35.69143203209187,
                35.68502005215349
              ],
              [
                35.739504847033274,
                35.690265260893725
              ],
              [
                35.85594466636921,
                35.83450277920427
              ],
              [
                35.71850493858601,
                36.09155615444841
              ],
              [
                35.66494658897663,
                36.133529268462084
              ],
              [
                35.70863250206257,
                36.21223410244646
              ],
              [
                35.81724074791218,
                36.30102881069841
              ],
              [
                36.09526351402546,
                36.48246344204607
              ],
              [
                36.0824308724239,
                36.62153204556169
              ],
              [
                35.95679381798054,
                36.74749334927263
              ],
              [
                35.89087584923054,
                36.77111395474138
              ],
              [
                35.67174056480671,
                36.60578497524919
              ],
              [
                35.50617125938679,
                36.55855520840349
              ],
              [
                35.54760268638874,
                36.54018362637224
              ],
              [
                35.49458983848835,
                36.443099580962084
              ],
              [
                35.38869765709187,
                36.45359381313982
              ],
              [
                35.35417846153523,
                36.414237581450365
              ],
              [
                35.22052672813679,
                36.38800390835466
              ],
              [
                35.07137206505085,
                36.4877086507863
              ],
              [
                34.66238311241413,
                36.64777334805193
              ],
              [
                34.4851293892696,
                36.62678106899919
              ],
              [
                33.95171264122273,
                36.251578890044115
              ],
              [
                33.95405486534382,
                36.15975912686052
              ],
              [
                33.83587554405476,
                36.10729559536638
              ],
              [
                33.833697351916086,
                36.07057150479021
              ],
              [
                33.753176722033274,
                36.14664038296404
              ],
              [
                33.171336206896555,
                35.97088202114763
              ],
              [
                32.64034179161335,
                36.00799902554216
              ],
              [
                32.334979090197336,
                36.12836798306169
              ],
              [
                31.90200713585163,
                36.4968639242238
              ],
              [
                31.37069037864948,
                36.71234472866716
              ],
              [
                30.90531066368366,
                36.794215761382006
              ],
              [
                30.59359076927448,
                36.76173361416521
              ],
              [
                30.540066751940497,
                36.64696081753435
              ],
              [
                30.472832712633856,
                36.18825491543474
              ],
              [
                30.394862207873114,
                36.11804541226091
              ],
              [
                30.279892954333075,
                36.11780508633318
              ],
              [
                30.166131052477606,
                36.18761786099138
              ],
              [
                29.66195586632038,
                36.07834585781755
              ],
              [
                29.47193244407917,
                36.09069403286638
              ],
              [
                29.298188242419013,
                36.17311819668474
              ],
              [
                29.002251657946356,
                36.69479712124529
              ],
              [
                28.81352714012409,
                36.535155855376146
              ],
              [
                28.469845804674872,
                36.738307558257006
              ],
              [
                28.26692298362995,
                36.71240957852068
              ],
              [
                28.01418975303913,
                36.52716406460466
              ],
              [
                27.91190246055866,
                36.69894369717302
              ],
              [
                27.94185546348835,
                36.756339632231615
              ],
              [
                28.051039728625067,
                36.83301504727068
              ],
              [
                27.99880889366413,
                36.90936621304216
              ],
              [
                27.308110270006903,
                36.920707308012865
              ],
              [
                27.268630060656317,
                37.04168280239763
              ],
              [
                27.525639566881903,
                37.13141211147966
              ],
              [
                27.492524179919013,
                37.2396732198781
              ],
              [
                27.36463263939167,
                37.328631960112475
              ],
              [
                27.160407099230536,
                37.36008032437029
              ],
              [
                27.12256148765827,
                37.49385031338396
              ],
              [
                27.179783853991278,
                37.77442892666521
              ],
              [
                27.13977340172077,
                37.889091097075365
              ],
              [
                26.961377176745184,
                37.946105562407396
              ],
              [
                26.6793318123653,
                38.104938112456225
              ],
              [
                26.512320551378973,
                38.06634863491716
              ],
              [
                26.393214258654364,
                38.104362093169115
              ]
            ]
          ],
          [
            [
              [
                28.22135703211819,
                45.48408289734172
              ],
              [
                29.61591628502155,
                45.4102054464406
              ],
              [
                29.683211359484442,
                45.37478979702654
              ],
              [
                29.71076491783405,
                45.25833471890154
              ],
              [
                29.45752242515827,
                44.91514929409685
              ],
              [
                29.089749369127997,
                44.875732027251146
              ],
              [
                28.91823676536823,
                44.76575049038591
              ],
              [
                28.68624785850788,
                44.48805197354021
              ],
              [
                28.573113474352606,
                44.19782217617693
              ],
              [
                28.445693048937567,
                43.476363741118334
              ],
              [
                28.328095468981513,
                43.437526308257006
              ],
              [
                28.187058481676825,
                43.450118623930834
              ],
              [
                28.034638437731513,
                43.39190252896013
              ],
              [
                27.887320551378973,
                43.0635257589406
              ],
              [
                27.869908365710028,
                42.79987677212419
              ],
              [
                27.83616355369831,
                42.7355228292531
              ],
              [
                27.654044184191473,
                42.68373831387224
              ],
              [
                27.501950296862372,
                42.51634558315935
              ],
              [
                27.494702372057684,
                42.40090139980974
              ],
              [
                27.60787108848835,
                42.41677816982927
              ],
              [
                27.91340735862995,
                42.07810171719255
              ],
              [
                27.917952570421942,
                41.97767218228044
              ],
              [
                28.026202234728583,
                41.882384859282396
              ],
              [
                28.01817801903034,
                41.75320776577654
              ],
              [
                28.104397806627997,
                41.59297140713396
              ],
              [
                28.371457132799872,
                41.43312796230974
              ],
              [
                29.012368235094794,
                41.25483282681169
              ],
              [
                29.081099543078192,
                41.20051153774919
              ],
              [
                28.96445373008991,
                40.98923834438982
              ],
              [
                28.827807459337958,
                40.914699159819506
              ],
              [
                28.173314127428778,
                41.05789526577654
              ],
              [
                28.026368174059638,
                41.02620657559099
              ],
              [
                27.932183298571356,
                40.95754965420427
              ],
              [
                27.474169764025458,
                40.96283300991716
              ],
              [
                27.313046488268622,
                40.78991278286638
              ],
              [
                27.26375678489948,
                40.66717108364763
              ],
              [
                26.613572153551825,
                40.39804037686052
              ],
              [
                26.51393989036823,
                40.281974397856615
              ],
              [
                26.37586310814167,
                40.21340902920427
              ],
              [
                26.255158457262763,
                40.081561647612475
              ],
              [
                26.1408853859737,
                40.04465445156755
              ],
              [
                26.21428969810749,
                40.16066702480974
              ],
              [
                26.194821390612372,
                40.30307348843279
              ],
              [
                26.556477579577216,
                40.498290621001146
              ],
              [
                26.454838785631903,
                40.584308229643725
              ],
              [
                26.124041590197333,
                40.60284765835466
              ],
              [
                26.020724329455145,
                40.66932257290544
              ],
              [
                25.99287513206745,
                40.85245855923357
              ],
              [
                25.301114115221747,
                40.89594229336443
              ],
              [
                25.046317133410223,
                40.95227392788591
              ],
              [
                25.01892951439167,
                41.01714666958513
              ],
              [
                24.700663599474677,
                40.878341280180834
              ],
              [
                24.51912787864948,
                40.873065553862475
              ],
              [
                24.50495246361042,
                40.984069429594896
              ],
              [
                24.354302439196356,
                40.97096212979021
              ],
              [
                24.21905806968952,
                40.82968481655779
              ],
              [
                24.02515510032917,
                40.74636038418474
              ],
              [
                23.885952982409247,
                40.732894502837084
              ],
              [
                23.74839499901081,
                40.80443152065935
              ],
              [
                23.634697947008856,
                40.7727542745656
              ],
              [
                23.63297751854206,
                40.71316870327654
              ],
              [
                23.785174402697333,
                40.477191530424975
              ],
              [
                23.923703226549872,
                40.45080908413591
              ],
              [
                24.29535201500202,
                40.17649038906755
              ],
              [
                24.220635447008856,
                40.14484747524919
              ],
              [
                24.05477813194538,
                40.260882936674975
              ],
              [
                24.047778162462958,
                40.30835684414568
              ],
              [
                23.774773630602606,
                40.39276465054216
              ],
              [
                23.722168955309638,
                40.34824331875505
              ],
              [
                23.62723449180866,
                40.34528311367693
              ],
              [
                23.651745829088934,
                40.22922857876482
              ],
              [
                23.803664240343817,
                40.15539129849138
              ],
              [
                23.868659052355536,
                40.16067465420427
              ],
              [
                23.920109781725653,
                40.05519827480974
              ],
              [
                23.906617197497138,
                39.99719580288591
              ],
              [
                23.796032938463934,
                39.986651979643725
              ],
              [
                23.59577277611042,
                40.19231756802263
              ],
              [
                23.291760477526434,
                40.28726156826677
              ],
              [
                23.293139490587958,
                40.245055757719896
              ],
              [
                23.259058985216864,
                40.22922857876482
              ],
              [
                23.366839441759833,
                40.107928835112475
              ],
              [
                23.436467203600653,
                40.04465445156755
              ],
              [
                23.5921850533321,
                40.00246389980974
              ],
              [
                23.638585123522528,
                39.96034201260271
              ],
              [
                23.596890482409247,
                39.93405493374529
              ],
              [
                23.260525736315497,
                39.970870577055834
              ],
              [
                23.27630904625202,
                40.04992254849138
              ],
              [
                23.141140970690497,
                40.26615484829607
              ],
              [
                22.96016028831745,
                40.31470831509294
              ],
              [
                22.74805549095417,
                40.482467256743334
              ],
              [
                22.8639021248653,
                40.53522833462419
              ],
              [
                22.851946863634833,
                40.65133627529802
              ],
              [
                22.76996711204792,
                40.66717108364763
              ],
              [
                22.70125487755085,
                40.57744940396013
              ],
              [
                22.492066416247138,
                40.498290621001146
              ],
              [
                22.602265390856513,
                40.39723929043474
              ],
              [
                22.489617380602606,
                40.23052557583513
              ],
              [
                22.46736243675495,
                40.11848028774919
              ],
              [
                22.69509795616413,
                39.83448370571794
              ],
              [
                22.754473719103583,
                39.81834753628435
              ],
              [
                22.81343177269245,
                39.602740846831225
              ],
              [
                23.07416823814655,
                39.413451753813646
              ],
              [
                23.236084970934638,
                39.20315893765154
              ],
              [
                23.05191710899616,
                39.10328634854021
              ],
              [
                23.099806818468817,
                39.18738516445818
              ],
              [
                23.045252832873114,
                39.27149923916521
              ],
              [
                22.981301340563544,
                39.329330049712084
              ],
              [
                22.85085395286823,
                39.36613043423357
              ],
              [
                22.72025779197956,
                39.2872691976613
              ],
              [
                22.766058954699286,
                39.20278891201677
              ],
              [
                22.834883722765692,
                39.16636236782732
              ],
              [
                22.87106231163288,
                39.02434881802263
              ],
              [
                22.784213098986395,
                38.940333925444506
              ],
              [
                22.490498575670966,
                38.87685354824724
              ],
              [
                22.7232885689571,
                38.793170534331225
              ],
              [
                22.899373087389716,
                38.766891084868334
              ],
              [
                22.984231028063544,
                38.6670413839406
              ],
              [
                23.169491800768622,
                38.6670413839406
              ],
              [
                23.19099524925495,
                38.610343538481615
              ],
              [
                23.35615638206745,
                38.489501558501146
              ],
              [
                23.49384406517292,
                38.48313101406755
              ],
              [
                23.555766138537177,
                38.351764284331225
              ],
              [
                23.803948435290106,
                38.34651144619646
              ],
              [
                23.96074393699909,
                38.20991476650896
              ],
              [
                23.96699050377155,
                38.15213354702654
              ],
              [
                23.880024942858466,
                38.115356050688646
              ],
              [
                23.98729995201374,
                37.763427339751146
              ],
              [
                23.91818145225788,
                37.68464239712419
              ],
              [
                23.83551314781452,
                37.68464239712419
              ],
              [
                23.733683619005927,
                37.85785635586443
              ],
              [
                23.634148630602606,
                37.87897833462419
              ],
              [
                23.495701822741278,
                38.06807669277849
              ],
              [
                22.98061469505573,
                37.95776709194841
              ],
              [
                22.898057016833075,
                37.899989687163256
              ],
              [
                23.03996756981159,
                37.85796698208513
              ],
              [
                23.048874887926825,
                37.642631136137865
              ],
              [
                23.1513834328487,
                37.59012182827654
              ],
              [
                23.321707758410223,
                37.637382112700365
              ],
              [
                23.312159571154364,
                37.54810675259294
              ],
              [
                23.418124231798895,
                37.46934088345232
              ],
              [
                23.18497947166706,
                37.427333437163256
              ],
              [
                23.185792002184638,
                37.37482794399919
              ],
              [
                23.109564814074286,
                37.34664114590349
              ],
              [
                22.97097686241413,
                37.38532217617693
              ],
              [
                23.02534583519245,
                37.479842745024584
              ],
              [
                22.942069086535223,
                37.518390260893725
              ],
              [
                22.713290247423895,
                37.54343374844255
              ],
              [
                22.642317804796942,
                37.584865175444506
              ],
              [
                22.638745340807684,
                37.49228628750505
              ],
              [
                22.72623923729206,
                37.28850897427263
              ],
              [
                22.81334975670124,
                37.212054811674975
              ],
              [
                22.793108973009833,
                37.13855703945818
              ],
              [
                22.886887583239325,
                37.0466800558156
              ],
              [
                22.98255256126667,
                36.61475332852068
              ],
              [
                22.673554453356513,
                36.75428351040544
              ],
              [
                22.524447473986395,
                36.722125612456225
              ],
              [
                22.39029601524616,
                36.524371706206225
              ],
              [
                22.191407236559638,
                36.85523565884294
              ],
              [
                21.984171900255927,
                37.02048071499529
              ],
              [
                21.780915293200263,
                36.82254370327654
              ],
              [
                21.588168177111395,
                36.98144110317888
              ],
              [
                21.53144362877155,
                37.11514624233904
              ],
              [
                21.626500162585028,
                37.306518160063646
              ],
              [
                21.613707575304755,
                37.414847933012865
              ],
              [
                21.29634765098835,
                37.72654303188982
              ],
              [
                21.221131357653388,
                37.828395448882006
              ],
              [
                21.22843078087116,
                37.904906831938646
              ],
              [
                21.4404516548946,
                38.17951544399919
              ],
              [
                21.7144995064571,
                38.13544043179216
              ],
              [
                21.905766520006903,
                38.26973684902849
              ],
              [
                22.7472143502071,
                37.95260580654802
              ],
              [
                22.898655924303778,
                37.99755438442888
              ],
              [
                23.116345438463934,
                38.157394014555834
              ],
              [
                22.875638041002997,
                38.20460089321794
              ],
              [
                22.333741220934638,
                38.42670782681169
              ],
              [
                21.82647231529499,
                38.46395834561052
              ],
              [
                21.364455255968817,
                38.412005983549975
              ],
              [
                21.172404322130927,
                38.347838960844896
              ],
              [
                20.771830591662177,
                38.85093268032732
              ],
              [
                20.892598185045966,
                38.895831667143725
              ],
              [
                21.006508860094794,
                38.870544038969896
              ],
              [
                21.10468581627155,
                38.92177542324724
              ],
              [
                21.159516367419013,
                39.00482519741716
              ],
              [
                21.00718406151081,
                39.11298712368669
              ],
              [
                20.901148828966864,
                39.061732851225756
              ],
              [
                20.677752527697333,
                39.08042486782732
              ],
              [
                20.2118082375362,
                39.404925905424975
              ],
              [
                20.09082892845417,
                39.602531038481615
              ],
              [
                20.02855971763874,
                39.813781343657396
              ],
              [
                19.803648981554755,
                40.01696356411638
              ],
              [
                19.369067224962958,
                40.260280214507006
              ],
              [
                19.38022521446491,
                40.32358130093279
              ],
              [
                19.48371222923542,
                40.295890413481615
              ],
              [
                19.49448302696491,
                40.40271719570818
              ],
              [
                19.33922294090534,
                40.588737093169115
              ],
              [
                19.527255091173895,
                40.865890108305834
              ],
              [
                19.44540313194538,
                40.964896761137865
              ],
              [
                19.52995017479206,
                41.218444429594896
              ],
              [
                19.416991266711005,
                41.3452525960988
              ],
              [
                19.498915705187567,
                41.523620210844896
              ],
              [
                19.619383844836005,
                41.55930288906755
              ],
              [
                19.606965097887763,
                41.76153906460466
              ],
              [
                19.143036875231513,
                41.93209036465349
              ],
              [
                19.135544809801825,
                41.99954184170427
              ],
              [
                18.909899744494208,
                42.217792116362475
              ],
              [
                18.528643640978583,
                42.35274466152849
              ],
              [
                18.001368555529364,
                42.694457613188646
              ],
              [
                17.59567931602741,
                42.888900362212084
              ],
              [
                17.075087580187567,
                43.22274740811052
              ],
              [
                16.992262873156317,
                43.32271536465349
              ],
              [
                16.63981345604206,
                43.389735780913256
              ],
              [
                16.548510584337958,
                43.46131476040544
              ],
              [
                16.366747889025458,
                43.51302298184099
              ],
              [
                16.059407267077216,
                43.43347891445818
              ],
              [
                15.912835154040106,
                43.652247987944506
              ],
              [
                15.412318262560614,
                43.93475683804216
              ],
              [
                15.149468454821356,
                44.239928804594896
              ],
              [
                15.548222574694403,
                44.22934683438005
              ],
              [
                15.285944017870673,
                44.328918062407396
              ],
              [
                14.989106211169013,
                44.54002722378435
              ],
              [
                14.90696147392536,
                44.72332342739763
              ],
              [
                14.945532831652411,
                44.92658957119646
              ],
              [
                14.815391573412665,
                45.07786902065935
              ],
              [
                14.540364200433025,
                45.25606156202871
              ],
              [
                15.413038491471186,
                46.14395062991583
              ],
              [
                18.389418262934196,
                45.338113991603024
              ],
              [
                18.633643185972446,
                44.863974430331794
              ],
              [
                20.92179822181212,
                44.65248758983849
              ],
              [
                21.19899665764653,
                44.92968602567291
              ],
              [
                22.954586751264443,
                44.6524875898385
              ],
              [
                23.13938570848738,
                43.91329176094675
              ],
              [
                25.264573716551173,
                43.82089228233528
              ],
              [
                26.835364852946153,
                44.190490196781155
              ],
              [
                28.03655807489525,
                44.37528915400409
              ],
              [
                27.94415859628378,
                44.92968602567291
              ],
              [
                28.22135703211819,
                45.48408289734172
              ]
            ]
          ],
          [
            [
              [
                12.180371317370184,
                45.27027853604021
              ],
              [
                12.176189455492743,
                45.21429022427263
              ],
              [
                12.31251338432575,
                45.17829474087419
              ],
              [
                12.322136911852606,
                45.04236563320818
              ],
              [
                12.52309039543415,
                44.882751070219896
              ],
              [
                12.476044687731513,
                44.78708609219255
              ],
              [
                12.273584398730048,
                44.67263754482927
              ],
              [
                12.345076593859442,
                44.30104025479021
              ],
              [
                12.697230371935614,
                43.93475683804216
              ],
              [
                13.600871119005927,
                43.53480490322771
              ],
              [
                13.73155692528034,
                43.37416037197771
              ],
              [
                13.791634592516669,
                43.123344026762865
              ],
              [
                13.915090593798407,
                42.87276419277849
              ],
              [
                14.092769655688056,
                42.60952719326677
              ],
              [
                14.429446711338755,
                42.326661124424014
              ],
              [
                13.807038368728993,
                42.15770166732883
              ],
              [
                13.32910725781167,
                41.31109494888881
              ],
              [
                12.976777109606513,
                41.3713756429738
              ],
              [
                12.641516718371161,
                41.53109701748552
              ],
              [
                12.394848856432684,
                41.72954901333513
              ],
              [
                11.963433298571356,
                42.00474127407732
              ],
              [
                11.49736503074909,
                42.37635382290544
              ],
              [
                11.10476306389118,
                42.54908331509294
              ],
              [
                10.7427559227779,
                42.850509248930834
              ],
              [
                11.589450882053729,
                43.91329176094675
              ],
              [
                11.404651924830791,
                45.57648237595319
              ],
              [
                11.866649317888136,
                46.40807768345642
              ],
              [
                12.605845146779895,
                46.685276119290826
              ],
              [
                12.448797568798627,
                47.10596180006795
              ],
              [
                12.878527502376915,
                47.05540533729403
              ],
              [
                13.483683005973694,
                46.75738773082734
              ],
              [
                13.606473276675992,
                45.72189094063581
              ],
              [
                13.673180613024481,
                45.71450766201677
              ],
              [
                13.564614328844794,
                45.72652395840349
              ],
              [
                13.437729868395575,
                45.63843115444841
              ],
              [
                13.367695841295966,
                45.69448813076677
              ],
              [
                13.156165155871161,
                45.72652395840349
              ],
              [
                13.104608568651923,
                45.58238562222185
              ],
              [
                12.89865020225788,
                45.55837210293474
              ],
              [
                12.448155436022528,
                45.394286714751146
              ],
              [
                12.483212503893622,
                45.46231421108904
              ],
              [
                12.2797432274654,
                45.40228994961443
              ],
              [
                12.2514171929195,
                45.290282808501146
              ],
              [
                12.180371317370184,
                45.27027853604021
              ]
            ]
          ],
          [
            [
              [
                17.967745813830145,
                40.16689261074724
              ],
              [
                17.84960463951374,
                40.243495546538256
              ],
              [
                17.401650461657294,
                40.29192694302263
              ],
              [
                17.20417121361042,
                40.397941194731615
              ],
              [
                17.242802652819403,
                40.49576147671404
              ],
              [
                17.084080728991278,
                40.525111757475756
              ],
              [
                16.94871238182331,
                40.48109015103044
              ],
              [
                16.727564844591864,
                40.18360479946794
              ],
              [
                16.60441306541706,
                40.08990820522966
              ],
              [
                16.623852762682684,
                39.96775396938982
              ],
              [
                16.535006556017645,
                39.83156546230974
              ],
              [
                16.532101664049872,
                39.69751318569841
              ],
              [
                17.1490698189571,
                39.4218021261281
              ],
              [
                17.107419046862372,
                39.28047140713396
              ],
              [
                17.120997461779364,
                39.08602102871599
              ],
              [
                17.180712732775458,
                39.022208772856615
              ],
              [
                17.09468940208698,
                38.915023409087084
              ],
              [
                16.797699961169013,
                38.92585714932146
              ],
              [
                16.613329920275458,
                38.82732733364763
              ],
              [
                16.522202524645575,
                38.7250247823781
              ],
              [
                16.572001490099677,
                38.457118593413256
              ],
              [
                16.330693277819403,
                38.32074316616716
              ],
              [
                16.052943262560614,
                37.93117483730974
              ],
              [
                15.785237345202216,
                37.9097057210988
              ],
              [
                15.627475771410712,
                38.004211031157396
              ],
              [
                15.626577410204657,
                38.2330814230031
              ],
              [
                15.790868792040595,
                38.29639776821794
              ],
              [
                15.933466944201239,
                38.539916597563646
              ],
              [
                15.82730010460163,
                38.622733675200365
              ],
              [
                15.989846262438544,
                38.73476370449724
              ],
              [
                16.152209314806708,
                38.70126684780779
              ],
              [
                16.212225946886786,
                38.777953706938646
              ],
              [
                16.17720893333698,
                38.93099173184099
              ],
              [
                16.08256247947956,
                39.01247366543474
              ],
              [
                15.98955253074909,
                39.42835196133318
              ],
              [
                15.824671778185614,
                39.660628877837084
              ],
              [
                15.75702193687702,
                39.93362768765154
              ],
              [
                15.666200670702704,
                40.09186133022966
              ],
              [
                15.515924486620673,
                40.06594809170427
              ],
              [
                15.43203357170368,
                39.988971315581225
              ],
              [
                15.027263674242743,
                40.2121959554738
              ],
              [
                14.89867118309284,
                40.24145849819841
              ],
              [
                14.992320093615302,
                40.372218691069506
              ],
              [
                15.839826898181318,
                40.679310009545325
              ],
              [
                15.873253855211981,
                41.50214346523943
              ],
              [
                15.99104407737995,
                41.40614279385271
              ],
              [
                16.945963892443427,
                41.09381445522966
              ],
              [
                18.033919367296942,
                40.59665258999529
              ],
              [
                18.059941324694403,
                40.513534151274584
              ],
              [
                18.383612665636786,
                40.30775030728044
              ],
              [
                18.522648844225653,
                40.09413107510271
              ],
              [
                18.36491874168659,
                39.746722780424975
              ],
              [
                18.017067942126044,
                39.947894655424975
              ],
              [
                17.967745813830145,
                40.16689261074724
              ]
            ]
          ],
          [
            [
              [
                3.924166000000127,
                39.929161
              ],
              [
                3.826666,
                39.922493
              ],
              [
                3.796944,
                40.01722000000012
              ],
              [
                3.83611100000013,
                40.056389
              ],
              [
                4.174444,
                40.050278000000105
              ],
              [
                4.273333,
                39.961388
              ],
              [
                4.313889,
                39.83194
              ],
              [
                4.263055000000122,
                39.808884
              ],
              [
                4.02861,
                39.919998
              ],
              [
                3.924166000000127,
                39.929161
              ]
            ]
          ],
          [
            [
              [
                3.063611,
                39.263611
              ],
              [
                2.985555,
                39.31860400000011
              ],
              [
                2.786389,
                39.364716
              ],
              [
                2.727777,
                39.473053
              ],
              [
                2.753611,
                39.5075
              ],
              [
                2.694444,
                39.551941
              ],
              [
                2.389166,
                39.524994
              ],
              [
                2.364166,
                39.555832
              ],
              [
                2.386111000000142,
                39.612778
              ],
              [
                2.777778,
                39.844719
              ],
              [
                3.071389,
                39.921944
              ],
              [
                3.134722,
                39.792221
              ],
              [
                3.180833,
                39.75999500000012
              ],
              [
                3.260833,
                39.733604
              ],
              [
                3.382778,
                39.773331
              ],
              [
                3.480278,
                39.721664
              ],
              [
                3.4475,
                39.640274
              ],
              [
                3.30555500000014,
                39.50222
              ],
              [
                3.241944000000103,
                39.36444100000011
              ],
              [
                3.063611,
                39.263611
              ]
            ]
          ],
          [
            [
              [
                1.445278,
                38.74110400000012
              ],
              [
                1.588055,
                38.667221
              ],
              [
                1.524167,
                38.654716
              ],
              [
                1.456666,
                38.686943
              ],
              [
                1.390278000000137,
                38.643326
              ],
              [
                1.383055,
                38.720551
              ],
              [
                1.445278,
                38.74110400000012
              ]
            ]
          ],
          [
            [
              [
                1.519722,
                39.118332
              ],
              [
                1.605278,
                39.09166
              ],
              [
                1.615,
                39.028328
              ],
              [
                1.405833,
                38.845551000000114
              ],
              [
                1.2225,
                38.87416100000013
              ],
              [
                1.227778,
                38.948051000000135
              ],
              [
                1.29416700000013,
                39.03138700000011
              ],
              [
                1.519722,
                39.118332
              ]
            ]
          ],
          [
            [
              [
                13.32247546623493,
                38.220511995512865
              ],
              [
                13.627963098986395,
                38.02980764980974
              ],
              [
                13.809530291064032,
                37.966415010649584
              ],
              [
                14.134472879870184,
                37.97345312710466
              ],
              [
                14.765865358813056,
                38.05761297817888
              ],
              [
                15.386741671068915,
                38.20554693813982
              ],
              [
                15.453687700732,
                38.16741522427263
              ],
              [
                15.47289279411579,
                38.11005743618669
              ],
              [
                15.181032213671454,
                37.68228109951677
              ],
              [
                15.112180742724188,
                37.4590335714406
              ],
              [
                15.116248163683661,
                37.286944948393725
              ],
              [
                15.30134681175495,
                37.0578990804738
              ],
              [
                15.22063163231159,
                37.00037726040544
              ],
              [
                15.027343782885321,
                36.745116792876146
              ],
              [
                14.6220226616695,
                36.776141725737475
              ],
              [
                14.215912851794013,
                37.04932364102068
              ],
              [
                13.868404421313056,
                37.15695150967302
              ],
              [
                13.011567148669013,
                37.524894319731615
              ],
              [
                12.636879000170477,
                37.581500612456225
              ],
              [
                12.53203586052204,
                37.638671480376146
              ],
              [
                12.454147371752509,
                37.766009889799975
              ],
              [
                12.51664451072956,
                37.91916998501482
              ],
              [
                12.66432574699665,
                38.07249792690935
              ],
              [
                12.78283980797077,
                38.11737784023943
              ],
              [
                13.065952333910712,
                38.0669322835988
              ],
              [
                13.32247546623493,
                38.220511995512865
              ]
            ]
          ],
          [
            [
              [
                8.240707430346259,
                40.855338655669115
              ],
              [
                8.766072306139716,
                40.86280020352068
              ],
              [
                9.306203875048407,
                41.184447847563646
              ],
              [
                9.590851816637763,
                40.902911745268725
              ],
              [
                9.793739351732977,
                40.56368216152849
              ],
              [
                9.78784755180622,
                40.441955171782396
              ],
              [
                9.695723566515692,
                40.31368979092302
              ],
              [
                9.630800280077704,
                40.09585531826677
              ],
              [
                9.698009523852118,
                39.69349630947771
              ],
              [
                9.648338350756415,
                39.457213960844896
              ],
              [
                9.478920015795477,
                39.144157015044115
              ],
              [
                9.296275171740302,
                39.23312338467302
              ],
              [
                9.062541994555243,
                39.21989019985857
              ],
              [
                8.998516115648993,
                39.175094209868334
              ],
              [
                8.931367907030829,
                39.053702913481615
              ],
              [
                8.81955913017536,
                38.976913057524584
              ],
              [
                8.696099314196356,
                38.99581106777849
              ],
              [
                8.417174372179755,
                39.212203584868334
              ],
              [
                8.374221834643134,
                39.307845674712084
              ],
              [
                8.465033564074286,
                39.639937959868334
              ],
              [
                8.508480104906806,
                39.94647558804216
              ],
              [
                8.487975153429755,
                40.20879706021013
              ],
              [
                8.428189310534247,
                40.46485479946794
              ],
              [
                8.201552423937567,
                40.66299780483904
              ],
              [
                8.159486803515204,
                40.78467520352068
              ],
              [
                8.240707430346259,
                40.855338655669115
              ]
            ]
          ],
          [
            [
              [
                -0.143,
                38.978
              ],
              [
                0.009,
                38.862
              ],
              [
                0.196,
                38.806
              ],
              [
                0.207,
                38.732
              ],
              [
                -0.139,
                38.538
              ],
              [
                -0.323,
                38.47
              ],
              [
                -0.512,
                38.325
              ],
              [
                -0.761,
                37.846
              ],
              [
                -0.86,
                37.717
              ],
              [
                -0.787,
                37.648
              ],
              [
                -0.71,
                37.644
              ],
              [
                -0.716,
                37.607
              ],
              [
                -0.922,
                37.551
              ],
              [
                -1.048,
                37.579
              ],
              [
                -1.327,
                37.558
              ],
              [
                -1.509,
                37.422
              ],
              [
                -1.644,
                37.373
              ],
              [
                -1.798,
                37.223
              ],
              [
                -1.902,
                36.972
              ],
              [
                -2.06,
                36.779
              ],
              [
                -2.188,
                36.716
              ],
              [
                -2.281,
                36.82
              ],
              [
                -2.35,
                36.841
              ],
              [
                -2.555,
                36.815
              ],
              [
                -2.639,
                36.701
              ],
              [
                -2.769,
                36.678
              ],
              [
                -2.859,
                36.695
              ],
              [
                -2.929,
                36.75
              ],
              [
                -3.328,
                36.74
              ],
              [
                -3.453,
                36.692
              ],
              [
                -3.595,
                36.747
              ],
              [
                -4.398,
                36.722
              ],
              [
                -4.495,
                36.608
              ],
              [
                -4.633,
                36.511
              ],
              [
                -4.914,
                36.499
              ],
              [
                -5.172,
                36.413
              ],
              [
                -5.314,
                36.229
              ],
              [
                -5.338,
                36.112
              ],
              [
                -5.356,
                36.163
              ],
              [
                -5.423,
                36.178
              ],
              [
                -5.445,
                36.144
              ],
              [
                -5.425,
                36.071
              ],
              [
                -5.614,
                36.006
              ],
              [
                -5.797,
                36.074
              ],
              [
                -5.911,
                36.179
              ],
              [
                -6.051,
                36.192
              ],
              [
                -6.261,
                36.47
              ],
              [
                -6.226,
                36.464
              ],
              [
                -6.173,
                36.512
              ],
              [
                -6.298,
                36.614
              ],
              [
                -6.393,
                36.626
              ],
              [
                -6.433,
                36.692
              ],
              [
                -6.442,
                36.739
              ],
              [
                -6.356,
                36.861
              ],
              [
                -6.579,
                37.019
              ],
              [
                -6.905,
                37.166
              ],
              [
                -6.96,
                37.222
              ],
              [
                -6.972,
                37.178
              ],
              [
                -7.127,
                37.221
              ],
              [
                -7.384,
                37.17
              ],
              [
                -7.432,
                37.253
              ],
              [
                -7.424,
                37.175
              ],
              [
                -7.553,
                37.156
              ],
              [
                -7.758,
                37.035
              ],
              [
                -7.898,
                37.009
              ],
              [
                -7.973,
                37.008
              ],
              [
                -8.175,
                37.092
              ],
              [
                -8.659,
                37.109
              ],
              [
                -8.927,
                37.016
              ],
              [
                -8.99,
                37.023
              ],
              [
                -8.796,
                37.443
              ],
              [
                -8.791,
                37.829161287768315
              ],
              [
                -6.705645883017173,
                38.276923565647124
              ],
              [
                -5.781651096902479,
                37.90732565120125
              ],
              [
                -2.824867781335467,
                37.72252669397831
              ],
              [
                -1.531275080774897,
                39.200918351761814
              ],
              [
                -0.334579244322047,
                39.425702467443685
              ],
              [
                -0.241,
                39.144
              ],
              [
                -0.143,
                38.978
              ]
            ]
          ],
          [
            [
              [
                -2.931,
                35.296
              ],
              [
                -3.004266307927606,
                35.38339015340033
              ],
              [
                -2.986,
                35.418
              ],
              [
                -2.931,
                35.296
              ]
            ]
          ],
          [
            [
              [
                -6.315,
                34.835
              ],
              [
                -5.919,
                35.791
              ],
              [
                -5.596,
                35.822
              ],
              [
                -5.459,
                35.914
              ],
              [
                -5.323,
                35.896
              ],
              [
                -5.346,
                35.842
              ],
              [
                -5.33,
                35.737
              ],
              [
                -5.257,
                35.581
              ],
              [
                -4.912,
                35.315
              ],
              [
                -4.722,
                35.217
              ],
              [
                -4.420738662468062,
                35.15153409463829
              ],
              [
                -4.59297749091839,
                35.15118750210466
              ],
              [
                -6.327673976628373,
                34.81162115476519
              ],
              [
                -6.511472192303888,
                34.45429953213396
              ],
              [
                -6.554029487590967,
                34.43563379639739
              ],
              [
                -6.315,
                34.835
              ]
            ]
          ],
          [
            [
              [
                -4.216,
                35.19
              ],
              [
                -3.918,
                35.261
              ],
              [
                -3.893,
                35.216
              ],
              [
                -3.814,
                35.2
              ],
              [
                -3.659,
                35.273
              ],
              [
                -3.584,
                35.229
              ],
              [
                -3.380026172728882,
                35.19274026837952
              ],
              [
                -3.440804210202447,
                35.166278444487475
              ],
              [
                -4.027887788312189,
                35.13323553677263
              ],
              [
                -4.329495566366054,
                35.151717701181255
              ],
              [
                -4.216,
                35.19
              ]
            ]
          ],
          [
            [
              [
                24.135,
                35.6
              ],
              [
                24.181,
                35.587
              ],
              [
                24.204,
                35.535
              ],
              [
                24.103,
                35.488
              ],
              [
                24.285,
                35.359
              ],
              [
                24.789,
                35.409
              ],
              [
                24.963,
                35.404
              ],
              [
                25.046,
                35.384
              ],
              [
                25.064,
                35.345
              ],
              [
                25.377,
                35.336
              ],
              [
                25.445,
                35.292
              ],
              [
                25.658,
                35.342
              ],
              [
                25.767,
                35.335
              ],
              [
                25.728,
                35.294
              ],
              [
                25.723,
                35.264
              ],
              [
                25.754,
                35.283
              ],
              [
                25.755,
                35.254
              ],
              [
                25.71,
                35.174
              ],
              [
                25.808,
                35.108
              ],
              [
                26.031,
                35.226
              ],
              [
                26.112,
                35.205
              ],
              [
                26.301,
                35.283
              ],
              [
                26.291,
                35.131
              ],
              [
                26.237,
                35.034
              ],
              [
                26.12,
                34.993
              ],
              [
                25.987,
                35.033
              ],
              [
                25.335,
                34.985
              ],
              [
                25.017,
                34.931
              ],
              [
                24.821,
                34.937
              ],
              [
                24.753,
                34.942
              ],
              [
                24.763,
                35.016
              ],
              [
                24.723,
                35.091
              ],
              [
                24.566,
                35.098
              ],
              [
                24.527,
                35.142
              ],
              [
                24.386,
                35.191
              ],
              [
                24.038,
                35.191
              ],
              [
                23.824,
                35.247
              ],
              [
                23.598,
                35.231
              ],
              [
                23.521,
                35.288
              ],
              [
                23.594,
                35.592
              ],
              [
                23.609,
                35.611
              ],
              [
                23.618,
                35.518
              ],
              [
                23.719,
                35.508
              ],
              [
                23.708,
                35.648
              ],
              [
                23.742,
                35.688
              ],
              [
                23.776,
                35.666
              ],
              [
                23.787,
                35.548
              ],
              [
                23.848,
                35.522
              ],
              [
                23.996,
                35.516
              ],
              [
                24.135,
                35.6
              ]
            ]
          ],
          [
            [
              [
                27.876,
                36.32
              ],
              [
                28.216,
                36.458
              ],
              [
                28.238,
                36.431
              ],
              [
                28.141,
                36.211
              ],
              [
                28.064,
                36.112
              ],
              [
                27.781,
                35.89
              ],
              [
                27.719,
                35.941
              ],
              [
                27.741,
                36.104
              ],
              [
                27.72,
                36.166
              ],
              [
                27.876,
                36.32
              ]
            ]
          ]
        ]
      }
    }
  ]
}